--------------------------------------------------------
--  Fichier créé - mercredi-janvier-06-2021   
--------------------------------------------------------
--------------------------------------------------------
--  DDL for Sequence NUMERO_TABLE
--------------------------------------------------------

   CREATE SEQUENCE  "DHIA"."NUMERO_TABLE"  MINVALUE 1 MAXVALUE 30 INCREMENT BY 1 START WITH 31 CACHE 20 NOORDER  NOCYCLE ;
--------------------------------------------------------
--  DDL for Table CLIENT
--------------------------------------------------------

  CREATE TABLE "DHIA"."CLIENT" 
   (	"CIN" VARCHAR2(8 BYTE), 
	"NOM" VARCHAR2(20 BYTE), 
	"PRENOM" VARCHAR2(20 BYTE), 
	"DATEDENAISSANCE" DATE, 
	"TELEPHONE" VARCHAR2(8 BYTE), 
	"MAIL" VARCHAR2(30 BYTE), 
	"BUDGET" FLOAT(126)
   ) PCTFREE 10 PCTUSED 40 INITRANS 1 MAXTRANS 255 NOCOMPRESS LOGGING
  STORAGE(INITIAL 65536 NEXT 1048576 MINEXTENTS 1 MAXEXTENTS 2147483645
  PCTINCREASE 0 FREELISTS 1 FREELIST GROUPS 1 BUFFER_POOL DEFAULT)
  TABLESPACE "SYSTEM" ;
--------------------------------------------------------
--  DDL for Table COLLABORATEUR
--------------------------------------------------------

  CREATE TABLE "DHIA"."COLLABORATEUR" 
   (	"REFERENCE" VARCHAR2(20 BYTE), 
	"NOM" VARCHAR2(20 BYTE), 
	"EMAIL" VARCHAR2(20 BYTE), 
	"TELEPHONE" VARCHAR2(20 BYTE), 
	"SERVICE" VARCHAR2(20 BYTE), 
	"RIB" VARCHAR2(23 BYTE)
   ) PCTFREE 10 PCTUSED 40 INITRANS 1 MAXTRANS 255 NOCOMPRESS LOGGING
  STORAGE(INITIAL 65536 NEXT 1048576 MINEXTENTS 1 MAXEXTENTS 2147483645
  PCTINCREASE 0 FREELISTS 1 FREELIST GROUPS 1 BUFFER_POOL DEFAULT)
  TABLESPACE "SYSTEM" ;
--------------------------------------------------------
--  DDL for Table DEPARTEMENTS
--------------------------------------------------------

  CREATE TABLE "DHIA"."DEPARTEMENTS" 
   (	"NOM" VARCHAR2(20 BYTE), 
	"REFERENCE" VARCHAR2(20 BYTE), 
	"NB_EMPLOYES" VARCHAR2(20 BYTE)
   ) PCTFREE 10 PCTUSED 40 INITRANS 1 MAXTRANS 255 NOCOMPRESS LOGGING
  STORAGE(INITIAL 65536 NEXT 1048576 MINEXTENTS 1 MAXEXTENTS 2147483645
  PCTINCREASE 0 FREELISTS 1 FREELIST GROUPS 1 BUFFER_POOL DEFAULT)
  TABLESPACE "SYSTEM" ;
--------------------------------------------------------
--  DDL for Table FOURNIR
--------------------------------------------------------

  CREATE TABLE "DHIA"."FOURNIR" 
   (	"DATE_PROCURATION" DATE
   ) PCTFREE 10 PCTUSED 40 INITRANS 1 MAXTRANS 255 NOCOMPRESS LOGGING
  STORAGE(INITIAL 65536 NEXT 1048576 MINEXTENTS 1 MAXEXTENTS 2147483645
  PCTINCREASE 0 FREELISTS 1 FREELIST GROUPS 1 BUFFER_POOL DEFAULT)
  TABLESPACE "SYSTEM" ;
--------------------------------------------------------
--  DDL for Table FOURNISSEURS
--------------------------------------------------------

  CREATE TABLE "DHIA"."FOURNISSEURS" 
   (	"CIN" VARCHAR2(8 BYTE), 
	"TYPE" VARCHAR2(20 BYTE), 
	"TELEPHONE" VARCHAR2(8 BYTE), 
	"RIB" VARCHAR2(23 BYTE)
   ) PCTFREE 10 PCTUSED 40 INITRANS 1 MAXTRANS 255 NOCOMPRESS LOGGING
  STORAGE(INITIAL 65536 NEXT 1048576 MINEXTENTS 1 MAXEXTENTS 2147483645
  PCTINCREASE 0 FREELISTS 1 FREELIST GROUPS 1 BUFFER_POOL DEFAULT)
  TABLESPACE "SYSTEM" ;
--------------------------------------------------------
--  DDL for Table INVITES
--------------------------------------------------------

  CREATE TABLE "DHIA"."INVITES" 
   (	"CIN" VARCHAR2(8 BYTE), 
	"NOM" VARCHAR2(20 BYTE), 
	"PRENOM" VARCHAR2(20 BYTE), 
	"DATE_NAISSANCE" DATE, 
	"MAIL" VARCHAR2(50 BYTE), 
	"SEXE" VARCHAR2(20 BYTE), 
	"TELEPHONE" VARCHAR2(8 BYTE), 
	"NUM_TABLE" NUMBER(*,0), 
	"PERMISSION" VARCHAR2(20 BYTE), 
	"ORDRE_ENTREE" NUMBER, 
	"PHOTO" BLOB
   ) PCTFREE 10 PCTUSED 40 INITRANS 1 MAXTRANS 255 NOCOMPRESS LOGGING
  STORAGE(INITIAL 65536 NEXT 1048576 MINEXTENTS 1 MAXEXTENTS 2147483645
  PCTINCREASE 0 FREELISTS 1 FREELIST GROUPS 1 BUFFER_POOL DEFAULT)
  TABLESPACE "SYSTEM" 
 LOB ("PHOTO") STORE AS (
  TABLESPACE "SYSTEM" ENABLE STORAGE IN ROW CHUNK 8192 PCTVERSION 10
  NOCACHE LOGGING 
  STORAGE(INITIAL 65536 NEXT 1048576 MINEXTENTS 1 MAXEXTENTS 2147483645
  PCTINCREASE 0 FREELISTS 1 FREELIST GROUPS 1 BUFFER_POOL DEFAULT)) ;
--------------------------------------------------------
--  DDL for Table PERSONNEL
--------------------------------------------------------

  CREATE TABLE "DHIA"."PERSONNEL" 
   (	"NOM" VARCHAR2(20 BYTE), 
	"PRENOM" VARCHAR2(20 BYTE), 
	"DEPARTEMENT" VARCHAR2(25 BYTE), 
	"MOBILE" VARCHAR2(8 BYTE), 
	"DATE_NAISSANCE" DATE, 
	"CIN" NVARCHAR2(8), 
	"SALAIRE" VARCHAR2(20 BYTE), 
	"REF_DEP" VARCHAR2(20 BYTE), 
	"CODE_RFID" VARCHAR2(100 BYTE), 
	"ENTREE" VARCHAR2(20 BYTE), 
	"NUM_ENTREE" NUMBER
   ) PCTFREE 10 PCTUSED 40 INITRANS 1 MAXTRANS 255 NOCOMPRESS LOGGING
  STORAGE(INITIAL 65536 NEXT 1048576 MINEXTENTS 1 MAXEXTENTS 2147483645
  PCTINCREASE 0 FREELISTS 1 FREELIST GROUPS 1 BUFFER_POOL DEFAULT)
  TABLESPACE "SYSTEM" ;
--------------------------------------------------------
--  DDL for Table PRODUITS
--------------------------------------------------------

  CREATE TABLE "DHIA"."PRODUITS" 
   (	"REFERENCE" VARCHAR2(10 BYTE), 
	"TYPE" VARCHAR2(25 BYTE), 
	"PRIX" FLOAT(126), 
	"DATEE" DATE, 
	"QUANTITE" NUMBER
   ) PCTFREE 10 PCTUSED 40 INITRANS 1 MAXTRANS 255 NOCOMPRESS LOGGING
  STORAGE(INITIAL 65536 NEXT 1048576 MINEXTENTS 1 MAXEXTENTS 2147483645
  PCTINCREASE 0 FREELISTS 1 FREELIST GROUPS 1 BUFFER_POOL DEFAULT)
  TABLESPACE "SYSTEM" ;
--------------------------------------------------------
--  DDL for Table RESERVATION
--------------------------------------------------------

  CREATE TABLE "DHIA"."RESERVATION" 
   (	"REFERENCE" VARCHAR2(20 BYTE), 
	"DATE_RESERVATION" DATE, 
	"PRIX" FLOAT(126), 
	"NB_INVITES" NUMBER, 
	"LOCALISATION" VARCHAR2(100 BYTE), 
	"CIN_CLIENT" VARCHAR2(8 BYTE)
   ) PCTFREE 10 PCTUSED 40 INITRANS 1 MAXTRANS 255 NOCOMPRESS LOGGING
  STORAGE(INITIAL 65536 NEXT 1048576 MINEXTENTS 1 MAXEXTENTS 2147483645
  PCTINCREASE 0 FREELISTS 1 FREELIST GROUPS 1 BUFFER_POOL DEFAULT)
  TABLESPACE "SYSTEM" ;
--------------------------------------------------------
--  DDL for Table SERVICE
--------------------------------------------------------

  CREATE TABLE "DHIA"."SERVICE" 
   (	"TYPE" VARCHAR2(20 BYTE), 
	"DATE_SERVICE" DATE, 
	"PRIX" NUMBER, 
	"PROPRIETAIRE" VARCHAR2(30 BYTE)
   ) PCTFREE 10 PCTUSED 40 INITRANS 1 MAXTRANS 255 NOCOMPRESS LOGGING
  STORAGE(INITIAL 65536 NEXT 1048576 MINEXTENTS 1 MAXEXTENTS 2147483645
  PCTINCREASE 0 FREELISTS 1 FREELIST GROUPS 1 BUFFER_POOL DEFAULT)
  TABLESPACE "SYSTEM" ;
--------------------------------------------------------
--  DDL for Table TABLES
--------------------------------------------------------

  CREATE TABLE "DHIA"."TABLES" 
   (	"NUMERO" NUMBER, 
	"NB_PLACES" NUMBER, 
	"NOM_SERVEUR" VARCHAR2(20 BYTE), 
	"REFERENCE" VARCHAR2(20 BYTE)
   ) PCTFREE 10 PCTUSED 40 INITRANS 1 MAXTRANS 255 NOCOMPRESS LOGGING
  STORAGE(INITIAL 65536 NEXT 1048576 MINEXTENTS 1 MAXEXTENTS 2147483645
  PCTINCREASE 0 FREELISTS 1 FREELIST GROUPS 1 BUFFER_POOL DEFAULT)
  TABLESPACE "SYSTEM" ;
--------------------------------------------------------
--  DDL for Table USERS
--------------------------------------------------------

  CREATE TABLE "DHIA"."USERS" 
   (	"USERNAME" VARCHAR2(20 BYTE), 
	"PASSWORD" VARCHAR2(100 BYTE), 
	"EMAIL" VARCHAR2(40 BYTE), 
	"PWD_RESET" VARCHAR2(100 BYTE), 
	"IMAGE" BLOB
   ) PCTFREE 10 PCTUSED 40 INITRANS 1 MAXTRANS 255 NOCOMPRESS LOGGING
  STORAGE(INITIAL 65536 NEXT 1048576 MINEXTENTS 1 MAXEXTENTS 2147483645
  PCTINCREASE 0 FREELISTS 1 FREELIST GROUPS 1 BUFFER_POOL DEFAULT)
  TABLESPACE "SYSTEM" 
 LOB ("IMAGE") STORE AS (
  TABLESPACE "SYSTEM" ENABLE STORAGE IN ROW CHUNK 8192 PCTVERSION 10
  NOCACHE LOGGING 
  STORAGE(INITIAL 65536 NEXT 1048576 MINEXTENTS 1 MAXEXTENTS 2147483645
  PCTINCREASE 0 FREELISTS 1 FREELIST GROUPS 1 BUFFER_POOL DEFAULT)) ;
REM INSERTING into DHIA.CLIENT
SET DEFINE OFF;
Insert into DHIA.CLIENT (CIN,NOM,PRENOM,DATEDENAISSANCE,TELEPHONE,MAIL,BUDGET) values ('12345676','dqzd','dqz',to_date('01/01/00','DD/MM/RR'),'23678456','dqz@dqz.dqz','12');
Insert into DHIA.CLIENT (CIN,NOM,PRENOM,DATEDENAISSANCE,TELEPHONE,MAIL,BUDGET) values ('12345673','dqzd','dqz',to_date('01/01/00','DD/MM/RR'),'23678456','dqz@dqz.dqz','12');
Insert into DHIA.CLIENT (CIN,NOM,PRENOM,DATEDENAISSANCE,TELEPHONE,MAIL,BUDGET) values ('12345678','dqzd','dqz',to_date('01/01/00','DD/MM/RR'),'23678456','dqz@dqz.dqz','12');
Insert into DHIA.CLIENT (CIN,NOM,PRENOM,DATEDENAISSANCE,TELEPHONE,MAIL,BUDGET) values ('12121212','Berraies','MohamedIheb',to_date('01/01/00','DD/MM/RR'),'23123123','iheb@gmail.com','24');
REM INSERTING into DHIA.COLLABORATEUR
SET DEFINE OFF;
Insert into DHIA.COLLABORATEUR (REFERENCE,NOM,EMAIL,TELEPHONE,SERVICE,RIB) values ('fqf','Abdelli','moha.med@esprit.tn','23123234','photographie','23123234231232342312323');
REM INSERTING into DHIA.DEPARTEMENTS
SET DEFINE OFF;
Insert into DHIA.DEPARTEMENTS (NOM,REFERENCE,NB_EMPLOYES) values ('finance','12345678','34');
Insert into DHIA.DEPARTEMENTS (NOM,REFERENCE,NB_EMPLOYES) values ('dfgg','22222222','22');
Insert into DHIA.DEPARTEMENTS (NOM,REFERENCE,NB_EMPLOYES) values ('marketing','44444444','33');
Insert into DHIA.DEPARTEMENTS (NOM,REFERENCE,NB_EMPLOYES) values ('info','11111111','21');
REM INSERTING into DHIA.FOURNIR
SET DEFINE OFF;
REM INSERTING into DHIA.FOURNISSEURS
SET DEFINE OFF;
Insert into DHIA.FOURNISSEURS (CIN,TYPE,TELEPHONE,RIB) values ('12123123','alimentaire','23123123','12123123121231231212312');
REM INSERTING into DHIA.INVITES
SET DEFINE OFF;
Insert into DHIA.INVITES (CIN,NOM,PRENOM,DATE_NAISSANCE,MAIL,SEXE,TELEPHONE,NUM_TABLE,PERMISSION,ORDRE_ENTREE) values ('11111111','Ksira','Arij',to_date('01/01/00','DD/MM/RR'),'dqz@dzq.dzq','Homme','21333333','16','accepte','6');
Insert into DHIA.INVITES (CIN,NOM,PRENOM,DATE_NAISSANCE,MAIL,SEXE,TELEPHONE,NUM_TABLE,PERMISSION,ORDRE_ENTREE) values ('13242513','Berraies','Iheb',to_date('01/01/96','DD/MM/RR'),'mohammediheb.berraies@esprit.tn','Homme','24125315','23','-',null);
Insert into DHIA.INVITES (CIN,NOM,PRENOM,DATE_NAISSANCE,MAIL,SEXE,TELEPHONE,NUM_TABLE,PERMISSION,ORDRE_ENTREE) values ('81479824','Wahada','Sarra',to_date('01/03/00','DD/MM/RR'),'sarra.wahda@esprit.tn','Femme','25352532','16','-','0');
Insert into DHIA.INVITES (CIN,NOM,PRENOM,DATE_NAISSANCE,MAIL,SEXE,TELEPHONE,NUM_TABLE,PERMISSION,ORDRE_ENTREE) values ('23324124','Barkia','Mohammed',to_date('01/01/00','DD/MM/RR'),'mohammed.barkia@esprit.tn','Homme','53902409','27','-',null);
Insert into DHIA.INVITES (CIN,NOM,PRENOM,DATE_NAISSANCE,MAIL,SEXE,TELEPHONE,NUM_TABLE,PERMISSION,ORDRE_ENTREE) values ('24762487','Boulifi','Elaa',to_date('04/02/00','DD/MM/RR'),'elaa.boulifi@esprit.tn','Femme','21462486','29','-',null);
Insert into DHIA.INVITES (CIN,NOM,PRENOM,DATE_NAISSANCE,MAIL,SEXE,TELEPHONE,NUM_TABLE,PERMISSION,ORDRE_ENTREE) values ('35525315','Saidi','Bea',to_date('04/02/70','DD/MM/RR'),'mariemsaiidi@yahoo.fr','Femme','52355515','16','-',null);
Insert into DHIA.INVITES (CIN,NOM,PRENOM,DATE_NAISSANCE,MAIL,SEXE,TELEPHONE,NUM_TABLE,PERMISSION,ORDRE_ENTREE) values ('41244151','Abdelli','Nour',to_date('04/02/80','DD/MM/RR'),'nouraddelli@outlook.fr','Femme','24153531','14','-',null);
Insert into DHIA.INVITES (CIN,NOM,PRENOM,DATE_NAISSANCE,MAIL,SEXE,TELEPHONE,NUM_TABLE,PERMISSION,ORDRE_ENTREE) values ('61353535','Abdelli','Mosbah',to_date('02/03/56','DD/MM/RR'),'mosbahabdelli@outlook.fr','Homme','93176351','16','refuse','5');
Insert into DHIA.INVITES (CIN,NOM,PRENOM,DATE_NAISSANCE,MAIL,SEXE,TELEPHONE,NUM_TABLE,PERMISSION,ORDRE_ENTREE) values ('41319898','Saaidia','Mouna',to_date('02/03/90','DD/MM/RR'),'mounasaaidia@gmail.com','Femme','51372683',null,'-',null);
Insert into DHIA.INVITES (CIN,NOM,PRENOM,DATE_NAISSANCE,MAIL,SEXE,TELEPHONE,NUM_TABLE,PERMISSION,ORDRE_ENTREE) values ('14300660','Abdelli','Nour',to_date('25/10/96','DD/MM/RR'),'abdellynour@gmail.com','Femme','26326228','15','-',null);
Insert into DHIA.INVITES (CIN,NOM,PRENOM,DATE_NAISSANCE,MAIL,SEXE,TELEPHONE,NUM_TABLE,PERMISSION,ORDRE_ENTREE) values ('22222222','Abdelli','Dhia',to_date('03/12/98','DD/MM/RR'),'dhia.abdelli1@esprit.tn','Homme','25391896',null,'refuse','3');
Insert into DHIA.INVITES (CIN,NOM,PRENOM,DATE_NAISSANCE,MAIL,SEXE,TELEPHONE,NUM_TABLE,PERMISSION,ORDRE_ENTREE) values ('33333333','dqfes','fsef',to_date('01/01/00','DD/MM/RR'),'dqz@dqz.dzq','Homme','23123132',null,'refuse','2');
Insert into DHIA.INVITES (CIN,NOM,PRENOM,DATE_NAISSANCE,MAIL,SEXE,TELEPHONE,NUM_TABLE,PERMISSION,ORDRE_ENTREE) values ('44444444','Abdelli','Dhia',to_date('01/01/00','DD/MM/RR'),'dhia.abdelli1@esprit.tn','Homme','25391896','21','accepte','4');
Insert into DHIA.INVITES (CIN,NOM,PRENOM,DATE_NAISSANCE,MAIL,SEXE,TELEPHONE,NUM_TABLE,PERMISSION,ORDRE_ENTREE) values ('11111113','Ksira','Dhia',to_date('01/01/00','DD/MM/RR'),'arij.ksira@esprit.tn','Femme','23214241',null,'refuse','6');
Insert into DHIA.INVITES (CIN,NOM,PRENOM,DATE_NAISSANCE,MAIL,SEXE,TELEPHONE,NUM_TABLE,PERMISSION,ORDRE_ENTREE) values ('10101010','Aidly','salma',to_date('01/01/00','DD/MM/RR'),'salma@gmail.com','Homme','23123123',null,'pending','7');
Insert into DHIA.INVITES (CIN,NOM,PRENOM,DATE_NAISSANCE,MAIL,SEXE,TELEPHONE,NUM_TABLE,PERMISSION,ORDRE_ENTREE) values ('19191919','BenKhlifa','Mariem',to_date('01/01/00','DD/MM/RR'),'mariem.benkhlifa@esprit.tn','Femme','23123256',null,'-',null);
REM INSERTING into DHIA.PERSONNEL
SET DEFINE OFF;
Insert into DHIA.PERSONNEL (NOM,PRENOM,DEPARTEMENT,MOBILE,DATE_NAISSANCE,CIN,SALAIRE,REF_DEP,CODE_RFID,ENTREE,NUM_ENTREE) values ('boulifi','elaa','finance','11111111',to_date('01/01/00','DD/MM/RR'),'12345678','123.22','12345678','aa','pending','1');
Insert into DHIA.PERSONNEL (NOM,PRENOM,DEPARTEMENT,MOBILE,DATE_NAISSANCE,CIN,SALAIRE,REF_DEP,CODE_RFID,ENTREE,NUM_ENTREE) values ('abdelli','dhia','finance','11111112',to_date('01/01/00','DD/MM/RR'),'12345677','123.21','12345678','bb','pending','2');
Insert into DHIA.PERSONNEL (NOM,PRENOM,DEPARTEMENT,MOBILE,DATE_NAISSANCE,CIN,SALAIRE,REF_DEP,CODE_RFID,ENTREE,NUM_ENTREE) values ('bikou','bikou','finance','11111112',to_date('01/01/00','DD/MM/RR'),'22345674','23.28','12345678','FF FF FF FF FF FF','pending','5');
Insert into DHIA.PERSONNEL (NOM,PRENOM,DEPARTEMENT,MOBILE,DATE_NAISSANCE,CIN,SALAIRE,REF_DEP,CODE_RFID,ENTREE,NUM_ENTREE) values ('wahada','sarra','marketing','11111177',to_date('01/01/00','DD/MM/RR'),'11223348','23.277','12345678','dd','pending','4');
Insert into DHIA.PERSONNEL (NOM,PRENOM,DEPARTEMENT,MOBILE,DATE_NAISSANCE,CIN,SALAIRE,REF_DEP,CODE_RFID,ENTREE,NUM_ENTREE) values ('Oudherfi','Asma','finance','25123123',to_date('01/01/00','DD/MM/RR'),'44444444','262','22222222','oo','pending','5');
Insert into DHIA.PERSONNEL (NOM,PRENOM,DEPARTEMENT,MOBILE,DATE_NAISSANCE,CIN,SALAIRE,REF_DEP,CODE_RFID,ENTREE,NUM_ENTREE) values ('Boulifi','Elaa','info','23123123',to_date('01/01/00','DD/MM/RR'),'12312312','42','11111111','FFF','-',null);
REM INSERTING into DHIA.PRODUITS
SET DEFINE OFF;
Insert into DHIA.PRODUITS (REFERENCE,TYPE,PRIX,DATEE,QUANTITE) values ('1212121211','Produits durables','12',to_date('01/01/00','DD/MM/RR'),'32');
REM INSERTING into DHIA.RESERVATION
SET DEFINE OFF;
Insert into DHIA.RESERVATION (REFERENCE,DATE_RESERVATION,PRIX,NB_INVITES,LOCALISATION,CIN_CLIENT) values ('2331',to_date('06/01/21','DD/MM/RR'),'43','32','Gafsa','12345676');
Insert into DHIA.RESERVATION (REFERENCE,DATE_RESERVATION,PRIX,NB_INVITES,LOCALISATION,CIN_CLIENT) values ('23',to_date('01/01/40','DD/MM/RR'),'23','23','dzqd','12345678');
REM INSERTING into DHIA.SERVICE
SET DEFINE OFF;
Insert into DHIA.SERVICE (TYPE,DATE_SERVICE,PRIX,PROPRIETAIRE) values ('photographie',to_date('01/01/00','DD/MM/RR'),'23','Entreprise');
REM INSERTING into DHIA.TABLES
SET DEFINE OFF;
Insert into DHIA.TABLES (NUMERO,NB_PLACES,NOM_SERVEUR,REFERENCE) values ('14','2','Iyed',null);
Insert into DHIA.TABLES (NUMERO,NB_PLACES,NOM_SERVEUR,REFERENCE) values ('15','6','Nour',null);
Insert into DHIA.TABLES (NUMERO,NB_PLACES,NOM_SERVEUR,REFERENCE) values ('16','6','Khalil',null);
Insert into DHIA.TABLES (NUMERO,NB_PLACES,NOM_SERVEUR,REFERENCE) values ('18','2','Nour',null);
Insert into DHIA.TABLES (NUMERO,NB_PLACES,NOM_SERVEUR,REFERENCE) values ('21','3','Iheb',null);
Insert into DHIA.TABLES (NUMERO,NB_PLACES,NOM_SERVEUR,REFERENCE) values ('23','3','dqz','ea');
Insert into DHIA.TABLES (NUMERO,NB_PLACES,NOM_SERVEUR,REFERENCE) values ('24','3','dz','a');
Insert into DHIA.TABLES (NUMERO,NB_PLACES,NOM_SERVEUR,REFERENCE) values ('25','2','dfes','az');
Insert into DHIA.TABLES (NUMERO,NB_PLACES,NOM_SERVEUR,REFERENCE) values ('26','3','dqz','aaa');
Insert into DHIA.TABLES (NUMERO,NB_PLACES,NOM_SERVEUR,REFERENCE) values ('27','4','feq','t');
Insert into DHIA.TABLES (NUMERO,NB_PLACES,NOM_SERVEUR,REFERENCE) values ('28','5','dzq','t');
Insert into DHIA.TABLES (NUMERO,NB_PLACES,NOM_SERVEUR,REFERENCE) values ('29','4','dqzd','gr');
REM INSERTING into DHIA.USERS
SET DEFINE OFF;
Insert into DHIA.USERS (USERNAME,PASSWORD,EMAIL,PWD_RESET) values ('ddd','-1825335736',null,null);
Insert into DHIA.USERS (USERNAME,PASSWORD,EMAIL,PWD_RESET) values ('dqz','zqdd',null,null);
Insert into DHIA.USERS (USERNAME,PASSWORD,EMAIL,PWD_RESET) values ('dqsd','-1480129957',null,null);
Insert into DHIA.USERS (USERNAME,PASSWORD,EMAIL,PWD_RESET) values ('dqsd','-1480129957',null,null);
Insert into DHIA.USERS (USERNAME,PASSWORD,EMAIL,PWD_RESET) values ('dhia','-320019838','dhia.abdelli1@esprit.tn','-2102421506');
Insert into DHIA.USERS (USERNAME,PASSWORD,EMAIL,PWD_RESET) values ('test','-932291280',null,null);
Insert into DHIA.USERS (USERNAME,PASSWORD,EMAIL,PWD_RESET) values ('af','284038475','af',null);
Insert into DHIA.USERS (USERNAME,PASSWORD,EMAIL,PWD_RESET) values ('dd','-304901496',null,null);
Insert into DHIA.USERS (USERNAME,PASSWORD,EMAIL,PWD_RESET) values ('aaaa','53527890',null,null);
Insert into DHIA.USERS (USERNAME,PASSWORD,EMAIL,PWD_RESET) values ('arij','748519852',null,'526194559');
Insert into DHIA.USERS (USERNAME,PASSWORD,EMAIL,PWD_RESET) values ('lol','-1798642281',null,null);
Insert into DHIA.USERS (USERNAME,PASSWORD,EMAIL,PWD_RESET) values ('ll','-1798642281','lol@gmail.com',null);
Insert into DHIA.USERS (USERNAME,PASSWORD,EMAIL,PWD_RESET) values ('er','-2067567978','er',null);
Insert into DHIA.USERS (USERNAME,PASSWORD,EMAIL,PWD_RESET) values ('arij','-1143425158','ddd','526194559');
Insert into DHIA.USERS (USERNAME,PASSWORD,EMAIL,PWD_RESET) values ('eh','1081726823','eh',null);
Insert into DHIA.USERS (USERNAME,PASSWORD,EMAIL,PWD_RESET) values ('Elaa','-320019838','dhia.abdelli1@esprit.tn',null);
Insert into DHIA.USERS (USERNAME,PASSWORD,EMAIL,PWD_RESET) values ('sara','-320019838','wahada',null);
Insert into DHIA.USERS (USERNAME,PASSWORD,EMAIL,PWD_RESET) values ('arij','1634571558','arij.ksira@esprit.tn','526194559');
Insert into DHIA.USERS (USERNAME,PASSWORD,EMAIL,PWD_RESET) values ('sara','-320019838','sara.wahada@esprit.tn',null);
Insert into DHIA.USERS (USERNAME,PASSWORD,EMAIL,PWD_RESET) values ('elaa','-320019838','elaa.boulifi@esprit.tn',null);
Insert into DHIA.USERS (USERNAME,PASSWORD,EMAIL,PWD_RESET) values ('bikou','-320019838','mohamed.barkia@esprit.tn',null);
Insert into DHIA.USERS (USERNAME,PASSWORD,EMAIL,PWD_RESET) values ('iheb','-320019838','mohamediheb.berraies@esprit.tn',null);
--------------------------------------------------------
--  DDL for Index CLIENT_PK
--------------------------------------------------------

  CREATE UNIQUE INDEX "DHIA"."CLIENT_PK" ON "DHIA"."CLIENT" ("CIN") 
  PCTFREE 10 INITRANS 2 MAXTRANS 255 COMPUTE STATISTICS 
  STORAGE(INITIAL 65536 NEXT 1048576 MINEXTENTS 1 MAXEXTENTS 2147483645
  PCTINCREASE 0 FREELISTS 1 FREELIST GROUPS 1 BUFFER_POOL DEFAULT)
  TABLESPACE "SYSTEM" ;
--------------------------------------------------------
--  DDL for Index COLLABORATEUR_PK
--------------------------------------------------------

  CREATE UNIQUE INDEX "DHIA"."COLLABORATEUR_PK" ON "DHIA"."COLLABORATEUR" ("REFERENCE") 
  PCTFREE 10 INITRANS 2 MAXTRANS 255 COMPUTE STATISTICS 
  STORAGE(INITIAL 65536 NEXT 1048576 MINEXTENTS 1 MAXEXTENTS 2147483645
  PCTINCREASE 0 FREELISTS 1 FREELIST GROUPS 1 BUFFER_POOL DEFAULT)
  TABLESPACE "SYSTEM" ;
--------------------------------------------------------
--  DDL for Index DEPARTEMENTS_PK
--------------------------------------------------------

  CREATE UNIQUE INDEX "DHIA"."DEPARTEMENTS_PK" ON "DHIA"."DEPARTEMENTS" ("REFERENCE") 
  PCTFREE 10 INITRANS 2 MAXTRANS 255 COMPUTE STATISTICS 
  STORAGE(INITIAL 65536 NEXT 1048576 MINEXTENTS 1 MAXEXTENTS 2147483645
  PCTINCREASE 0 FREELISTS 1 FREELIST GROUPS 1 BUFFER_POOL DEFAULT)
  TABLESPACE "SYSTEM" ;
--------------------------------------------------------
--  DDL for Index FOURNISSEUR_PK
--------------------------------------------------------

  CREATE UNIQUE INDEX "DHIA"."FOURNISSEUR_PK" ON "DHIA"."FOURNISSEURS" ("CIN") 
  PCTFREE 10 INITRANS 2 MAXTRANS 255 COMPUTE STATISTICS 
  STORAGE(INITIAL 65536 NEXT 1048576 MINEXTENTS 1 MAXEXTENTS 2147483645
  PCTINCREASE 0 FREELISTS 1 FREELIST GROUPS 1 BUFFER_POOL DEFAULT)
  TABLESPACE "SYSTEM" ;
--------------------------------------------------------
--  DDL for Index INVITES_PK
--------------------------------------------------------

  CREATE UNIQUE INDEX "DHIA"."INVITES_PK" ON "DHIA"."INVITES" ("CIN") 
  PCTFREE 10 INITRANS 2 MAXTRANS 255 COMPUTE STATISTICS 
  STORAGE(INITIAL 65536 NEXT 1048576 MINEXTENTS 1 MAXEXTENTS 2147483645
  PCTINCREASE 0 FREELISTS 1 FREELIST GROUPS 1 BUFFER_POOL DEFAULT)
  TABLESPACE "SYSTEM" ;
--------------------------------------------------------
--  DDL for Index PERSONNEL_PK
--------------------------------------------------------

  CREATE UNIQUE INDEX "DHIA"."PERSONNEL_PK" ON "DHIA"."PERSONNEL" ("CIN") 
  PCTFREE 10 INITRANS 2 MAXTRANS 255 COMPUTE STATISTICS 
  STORAGE(INITIAL 65536 NEXT 1048576 MINEXTENTS 1 MAXEXTENTS 2147483645
  PCTINCREASE 0 FREELISTS 1 FREELIST GROUPS 1 BUFFER_POOL DEFAULT)
  TABLESPACE "SYSTEM" ;
--------------------------------------------------------
--  DDL for Index PK_NUM
--------------------------------------------------------

  CREATE UNIQUE INDEX "DHIA"."PK_NUM" ON "DHIA"."TABLES" ("NUMERO") 
  PCTFREE 10 INITRANS 2 MAXTRANS 255 COMPUTE STATISTICS 
  STORAGE(INITIAL 65536 NEXT 1048576 MINEXTENTS 1 MAXEXTENTS 2147483645
  PCTINCREASE 0 FREELISTS 1 FREELIST GROUPS 1 BUFFER_POOL DEFAULT)
  TABLESPACE "SYSTEM" ;
--------------------------------------------------------
--  DDL for Index PRODUIT_PK
--------------------------------------------------------

  CREATE UNIQUE INDEX "DHIA"."PRODUIT_PK" ON "DHIA"."PRODUITS" ("REFERENCE") 
  PCTFREE 10 INITRANS 2 MAXTRANS 255 COMPUTE STATISTICS 
  STORAGE(INITIAL 65536 NEXT 1048576 MINEXTENTS 1 MAXEXTENTS 2147483645
  PCTINCREASE 0 FREELISTS 1 FREELIST GROUPS 1 BUFFER_POOL DEFAULT)
  TABLESPACE "SYSTEM" ;
--------------------------------------------------------
--  DDL for Index RESERVATION_PK
--------------------------------------------------------

  CREATE UNIQUE INDEX "DHIA"."RESERVATION_PK" ON "DHIA"."RESERVATION" ("REFERENCE") 
  PCTFREE 10 INITRANS 2 MAXTRANS 255 COMPUTE STATISTICS 
  STORAGE(INITIAL 65536 NEXT 1048576 MINEXTENTS 1 MAXEXTENTS 2147483645
  PCTINCREASE 0 FREELISTS 1 FREELIST GROUPS 1 BUFFER_POOL DEFAULT)
  TABLESPACE "SYSTEM" ;
--------------------------------------------------------
--  DDL for Index RESERVATION_UK1
--------------------------------------------------------

  CREATE UNIQUE INDEX "DHIA"."RESERVATION_UK1" ON "DHIA"."RESERVATION" ("CIN_CLIENT") 
  PCTFREE 10 INITRANS 2 MAXTRANS 255 COMPUTE STATISTICS 
  STORAGE(INITIAL 65536 NEXT 1048576 MINEXTENTS 1 MAXEXTENTS 2147483645
  PCTINCREASE 0 FREELISTS 1 FREELIST GROUPS 1 BUFFER_POOL DEFAULT)
  TABLESPACE "SYSTEM" ;
--------------------------------------------------------
--  DDL for Index SERVICE_PK
--------------------------------------------------------

  CREATE UNIQUE INDEX "DHIA"."SERVICE_PK" ON "DHIA"."SERVICE" ("TYPE") 
  PCTFREE 10 INITRANS 2 MAXTRANS 255 COMPUTE STATISTICS 
  STORAGE(INITIAL 65536 NEXT 1048576 MINEXTENTS 1 MAXEXTENTS 2147483645
  PCTINCREASE 0 FREELISTS 1 FREELIST GROUPS 1 BUFFER_POOL DEFAULT)
  TABLESPACE "SYSTEM" ;
--------------------------------------------------------
--  DDL for Trigger NUMERO_ON_INSERT
--------------------------------------------------------

  CREATE OR REPLACE TRIGGER "DHIA"."NUMERO_ON_INSERT" 
  BEFORE INSERT ON TABLES
  FOR EACH ROW
BEGIN
  SELECT NUMERO_TABLE.nextval
  INTO :new.NUMERO
  FROM dual;
END;
/
ALTER TRIGGER "DHIA"."NUMERO_ON_INSERT" ENABLE;
--------------------------------------------------------
--  Constraints for Table CLIENT
--------------------------------------------------------

  ALTER TABLE "DHIA"."CLIENT" ADD CONSTRAINT "CLIENT_CHK1" CHECK (TO_CHAR("DATEDENAISSANCE",'YYYY-MM-DD')<'2002-01-01') ENABLE;
 
  ALTER TABLE "DHIA"."CLIENT" ADD CONSTRAINT "CLIENT_CHK2" CHECK ("MAIL" LIKE '%@%.%') ENABLE;
 
  ALTER TABLE "DHIA"."CLIENT" ADD CONSTRAINT "CLIENT_CHK3" CHECK (LENGTH(cin) = 8) ENABLE;
 
  ALTER TABLE "DHIA"."CLIENT" ADD CONSTRAINT "CLIENT_CHK4" CHECK (LENGTH("TELEPHONE")=8) ENABLE;
 
  ALTER TABLE "DHIA"."CLIENT" ADD CONSTRAINT "CLIENT_CHK5" CHECK (budget > 0) ENABLE;
 
  ALTER TABLE "DHIA"."CLIENT" ADD CONSTRAINT "CLIENT_PK" PRIMARY KEY ("CIN")
  USING INDEX PCTFREE 10 INITRANS 2 MAXTRANS 255 COMPUTE STATISTICS 
  STORAGE(INITIAL 65536 NEXT 1048576 MINEXTENTS 1 MAXEXTENTS 2147483645
  PCTINCREASE 0 FREELISTS 1 FREELIST GROUPS 1 BUFFER_POOL DEFAULT)
  TABLESPACE "SYSTEM"  ENABLE;
 
  ALTER TABLE "DHIA"."CLIENT" MODIFY ("CIN" NOT NULL ENABLE);
 
  ALTER TABLE "DHIA"."CLIENT" MODIFY ("NOM" NOT NULL ENABLE);
 
  ALTER TABLE "DHIA"."CLIENT" MODIFY ("PRENOM" NOT NULL ENABLE);
 
  ALTER TABLE "DHIA"."CLIENT" MODIFY ("DATEDENAISSANCE" NOT NULL ENABLE);
 
  ALTER TABLE "DHIA"."CLIENT" MODIFY ("TELEPHONE" NOT NULL ENABLE);
 
  ALTER TABLE "DHIA"."CLIENT" MODIFY ("MAIL" NOT NULL ENABLE);
 
  ALTER TABLE "DHIA"."CLIENT" MODIFY ("BUDGET" NOT NULL ENABLE);
--------------------------------------------------------
--  Constraints for Table COLLABORATEUR
--------------------------------------------------------

  ALTER TABLE "DHIA"."COLLABORATEUR" ADD CONSTRAINT "COLLABORATEUR_CHK1" CHECK (email like '%.%@%.%') ENABLE;
 
  ALTER TABLE "DHIA"."COLLABORATEUR" ADD CONSTRAINT "COLLABORATEUR_CHK2" CHECK (length(rib)=23) ENABLE;
 
  ALTER TABLE "DHIA"."COLLABORATEUR" ADD CONSTRAINT "COLLABORATEUR_CHK4" CHECK (length(telephone)=8) ENABLE;
 
  ALTER TABLE "DHIA"."COLLABORATEUR" ADD CONSTRAINT "COLLABORATEUR_PK" PRIMARY KEY ("REFERENCE")
  USING INDEX PCTFREE 10 INITRANS 2 MAXTRANS 255 COMPUTE STATISTICS 
  STORAGE(INITIAL 65536 NEXT 1048576 MINEXTENTS 1 MAXEXTENTS 2147483645
  PCTINCREASE 0 FREELISTS 1 FREELIST GROUPS 1 BUFFER_POOL DEFAULT)
  TABLESPACE "SYSTEM"  ENABLE;
 
  ALTER TABLE "DHIA"."COLLABORATEUR" MODIFY ("REFERENCE" NOT NULL ENABLE);
 
  ALTER TABLE "DHIA"."COLLABORATEUR" MODIFY ("NOM" NOT NULL ENABLE);
 
  ALTER TABLE "DHIA"."COLLABORATEUR" MODIFY ("EMAIL" NOT NULL ENABLE);
 
  ALTER TABLE "DHIA"."COLLABORATEUR" MODIFY ("TELEPHONE" NOT NULL ENABLE);
 
  ALTER TABLE "DHIA"."COLLABORATEUR" MODIFY ("SERVICE" NOT NULL ENABLE);
 
  ALTER TABLE "DHIA"."COLLABORATEUR" MODIFY ("RIB" NOT NULL ENABLE);
--------------------------------------------------------
--  Constraints for Table DEPARTEMENTS
--------------------------------------------------------

  ALTER TABLE "DHIA"."DEPARTEMENTS" ADD CONSTRAINT "DEPARTEMENTS_CHK2" CHECK (length(reference)=8) ENABLE;
 
  ALTER TABLE "DHIA"."DEPARTEMENTS" ADD CONSTRAINT "DEPARTEMENTS_CHK3" CHECK (nb_employes > 0 AND nb_employes < 50) ENABLE;
 
  ALTER TABLE "DHIA"."DEPARTEMENTS" ADD CONSTRAINT "DEPARTEMENTS_PK" PRIMARY KEY ("REFERENCE")
  USING INDEX PCTFREE 10 INITRANS 2 MAXTRANS 255 COMPUTE STATISTICS 
  STORAGE(INITIAL 65536 NEXT 1048576 MINEXTENTS 1 MAXEXTENTS 2147483645
  PCTINCREASE 0 FREELISTS 1 FREELIST GROUPS 1 BUFFER_POOL DEFAULT)
  TABLESPACE "SYSTEM"  ENABLE;
 
  ALTER TABLE "DHIA"."DEPARTEMENTS" MODIFY ("NOM" NOT NULL ENABLE);
 
  ALTER TABLE "DHIA"."DEPARTEMENTS" MODIFY ("REFERENCE" NOT NULL ENABLE);
 
  ALTER TABLE "DHIA"."DEPARTEMENTS" MODIFY ("NB_EMPLOYES" NOT NULL ENABLE);
--------------------------------------------------------
--  Constraints for Table FOURNIR
--------------------------------------------------------

  ALTER TABLE "DHIA"."FOURNIR" MODIFY ("DATE_PROCURATION" NOT NULL ENABLE);
--------------------------------------------------------
--  Constraints for Table FOURNISSEURS
--------------------------------------------------------

  ALTER TABLE "DHIA"."FOURNISSEURS" ADD CONSTRAINT "FOURNISSEUR_CHK1" CHECK (length(cin)=8) ENABLE;
 
  ALTER TABLE "DHIA"."FOURNISSEURS" ADD CONSTRAINT "FOURNISSEUR_CHK2" CHECK (length(telephone)=8) ENABLE;
 
  ALTER TABLE "DHIA"."FOURNISSEURS" ADD CONSTRAINT "FOURNISSEUR_CHK3" CHECK (length(rib)=23) ENABLE;
 
  ALTER TABLE "DHIA"."FOURNISSEURS" ADD CONSTRAINT "FOURNISSEUR_CHK4" CHECK (type in ('alimentaire','decorations')) ENABLE;
 
  ALTER TABLE "DHIA"."FOURNISSEURS" ADD CONSTRAINT "FOURNISSEUR_PK" PRIMARY KEY ("CIN")
  USING INDEX PCTFREE 10 INITRANS 2 MAXTRANS 255 COMPUTE STATISTICS 
  STORAGE(INITIAL 65536 NEXT 1048576 MINEXTENTS 1 MAXEXTENTS 2147483645
  PCTINCREASE 0 FREELISTS 1 FREELIST GROUPS 1 BUFFER_POOL DEFAULT)
  TABLESPACE "SYSTEM"  ENABLE;
 
  ALTER TABLE "DHIA"."FOURNISSEURS" MODIFY ("CIN" NOT NULL ENABLE);
 
  ALTER TABLE "DHIA"."FOURNISSEURS" MODIFY ("TYPE" NOT NULL ENABLE);
 
  ALTER TABLE "DHIA"."FOURNISSEURS" MODIFY ("TELEPHONE" NOT NULL ENABLE);
 
  ALTER TABLE "DHIA"."FOURNISSEURS" MODIFY ("RIB" NOT NULL ENABLE);
--------------------------------------------------------
--  Constraints for Table INVITES
--------------------------------------------------------

  ALTER TABLE "DHIA"."INVITES" ADD CONSTRAINT "DATE_CHECK" CHECK (TO_CHAR(date_naissance, 'YYYY-MM-DD') < '2002-01-01') ENABLE;
 
  ALTER TABLE "DHIA"."INVITES" ADD CONSTRAINT "INVITES_CHK1" CHECK (length(cin) = 8) ENABLE;
 
  ALTER TABLE "DHIA"."INVITES" ADD CONSTRAINT "INVITES_CHK2" CHECK (length(telephone)=8) ENABLE;
 
  ALTER TABLE "DHIA"."INVITES" ADD CONSTRAINT "INVITES_CHK3" CHECK (lower(permission) in ('accepte','refuse','-','pending')) ENABLE;
 
  ALTER TABLE "DHIA"."INVITES" ADD CONSTRAINT "INVITES_PK" PRIMARY KEY ("CIN")
  USING INDEX PCTFREE 10 INITRANS 2 MAXTRANS 255 COMPUTE STATISTICS 
  STORAGE(INITIAL 65536 NEXT 1048576 MINEXTENTS 1 MAXEXTENTS 2147483645
  PCTINCREASE 0 FREELISTS 1 FREELIST GROUPS 1 BUFFER_POOL DEFAULT)
  TABLESPACE "SYSTEM"  ENABLE;
 
  ALTER TABLE "DHIA"."INVITES" ADD CONSTRAINT "MAIL_CHECK_INVITE" CHECK (mail like '%@%.%') ENABLE;
 
  ALTER TABLE "DHIA"."INVITES" MODIFY ("MAIL" CONSTRAINT "NN" NOT NULL ENABLE);
 
  ALTER TABLE "DHIA"."INVITES" ADD CONSTRAINT "SEXE_CHECK" CHECK (lower(sexe) in ('homme','femme')) ENABLE;
 
  ALTER TABLE "DHIA"."INVITES" MODIFY ("NOM" NOT NULL ENABLE);
 
  ALTER TABLE "DHIA"."INVITES" MODIFY ("PRENOM" NOT NULL ENABLE);
 
  ALTER TABLE "DHIA"."INVITES" MODIFY ("SEXE" NOT NULL ENABLE);
 
  ALTER TABLE "DHIA"."INVITES" MODIFY ("CIN" NOT NULL ENABLE);
 
  ALTER TABLE "DHIA"."INVITES" MODIFY ("TELEPHONE" NOT NULL ENABLE);
 
  ALTER TABLE "DHIA"."INVITES" MODIFY ("DATE_NAISSANCE" NOT NULL ENABLE);
--------------------------------------------------------
--  Constraints for Table PERSONNEL
--------------------------------------------------------

  ALTER TABLE "DHIA"."PERSONNEL" ADD CONSTRAINT "PERSONNEL_CHK1" CHECK ((salaire > 0) AND (salaire <1000000)) ENABLE;
 
  ALTER TABLE "DHIA"."PERSONNEL" ADD CONSTRAINT "PERSONNEL_CHK2" CHECK (length(cin)=8) ENABLE;
 
  ALTER TABLE "DHIA"."PERSONNEL" ADD CONSTRAINT "PERSONNEL_CHK3" CHECK (to_char(date_naissance,'YYYY-MM-DD') < '2002-01-01') ENABLE;
 
  ALTER TABLE "DHIA"."PERSONNEL" ADD CONSTRAINT "PERSONNEL_CHK4" CHECK (entree in ('-','pending','accepted','refused')) ENABLE;
 
  ALTER TABLE "DHIA"."PERSONNEL" ADD CONSTRAINT "PERSONNEL_CHK5" CHECK (length(mobile)=8) ENABLE;
 
  ALTER TABLE "DHIA"."PERSONNEL" ADD CONSTRAINT "PERSONNEL_PK" PRIMARY KEY ("CIN")
  USING INDEX PCTFREE 10 INITRANS 2 MAXTRANS 255 COMPUTE STATISTICS 
  STORAGE(INITIAL 65536 NEXT 1048576 MINEXTENTS 1 MAXEXTENTS 2147483645
  PCTINCREASE 0 FREELISTS 1 FREELIST GROUPS 1 BUFFER_POOL DEFAULT)
  TABLESPACE "SYSTEM"  ENABLE;
 
  ALTER TABLE "DHIA"."PERSONNEL" MODIFY ("NOM" NOT NULL ENABLE);
 
  ALTER TABLE "DHIA"."PERSONNEL" MODIFY ("PRENOM" NOT NULL ENABLE);
 
  ALTER TABLE "DHIA"."PERSONNEL" MODIFY ("MOBILE" NOT NULL ENABLE);
 
  ALTER TABLE "DHIA"."PERSONNEL" MODIFY ("DATE_NAISSANCE" NOT NULL ENABLE);
 
  ALTER TABLE "DHIA"."PERSONNEL" MODIFY ("CIN" NOT NULL ENABLE);
 
  ALTER TABLE "DHIA"."PERSONNEL" MODIFY ("DEPARTEMENT" NOT NULL ENABLE);
 
  ALTER TABLE "DHIA"."PERSONNEL" MODIFY ("SALAIRE" NOT NULL ENABLE);
 
  ALTER TABLE "DHIA"."PERSONNEL" MODIFY ("REF_DEP" NOT NULL ENABLE);
--------------------------------------------------------
--  Constraints for Table PRODUITS
--------------------------------------------------------

  ALTER TABLE "DHIA"."PRODUITS" ADD CONSTRAINT "PRODUIT_CHK1" CHECK (type in ('Produits durables','Produits perissables')) ENABLE;
 
  ALTER TABLE "DHIA"."PRODUITS" ADD CONSTRAINT "PRODUIT_CHK2" CHECK (length(reference)=10) ENABLE;
 
  ALTER TABLE "DHIA"."PRODUITS" ADD CONSTRAINT "PRODUIT_CHK3" CHECK (prix>0) ENABLE;
 
  ALTER TABLE "DHIA"."PRODUITS" ADD CONSTRAINT "PRODUIT_PK" PRIMARY KEY ("REFERENCE")
  USING INDEX PCTFREE 10 INITRANS 2 MAXTRANS 255 COMPUTE STATISTICS 
  STORAGE(INITIAL 65536 NEXT 1048576 MINEXTENTS 1 MAXEXTENTS 2147483645
  PCTINCREASE 0 FREELISTS 1 FREELIST GROUPS 1 BUFFER_POOL DEFAULT)
  TABLESPACE "SYSTEM"  ENABLE;
 
  ALTER TABLE "DHIA"."PRODUITS" MODIFY ("REFERENCE" NOT NULL ENABLE);
 
  ALTER TABLE "DHIA"."PRODUITS" MODIFY ("TYPE" NOT NULL ENABLE);
 
  ALTER TABLE "DHIA"."PRODUITS" MODIFY ("PRIX" NOT NULL ENABLE);
 
  ALTER TABLE "DHIA"."PRODUITS" MODIFY ("DATEE" NOT NULL ENABLE);
 
  ALTER TABLE "DHIA"."PRODUITS" MODIFY ("QUANTITE" NOT NULL ENABLE);
--------------------------------------------------------
--  Constraints for Table RESERVATION
--------------------------------------------------------

  ALTER TABLE "DHIA"."RESERVATION" ADD CONSTRAINT "RESERVATION_CHK1" CHECK (TO_CHAR(date_reservation, 'YYYY-MM-DD') >= '2021-01-01') ENABLE;
 
  ALTER TABLE "DHIA"."RESERVATION" ADD CONSTRAINT "RESERVATION_CHK2" CHECK (prix > 0) ENABLE;
 
  ALTER TABLE "DHIA"."RESERVATION" ADD CONSTRAINT "RESERVATION_CHK3" CHECK (nb_invites > 10) ENABLE;
 
  ALTER TABLE "DHIA"."RESERVATION" ADD CONSTRAINT "RESERVATION_PK" PRIMARY KEY ("REFERENCE")
  USING INDEX PCTFREE 10 INITRANS 2 MAXTRANS 255 COMPUTE STATISTICS 
  STORAGE(INITIAL 65536 NEXT 1048576 MINEXTENTS 1 MAXEXTENTS 2147483645
  PCTINCREASE 0 FREELISTS 1 FREELIST GROUPS 1 BUFFER_POOL DEFAULT)
  TABLESPACE "SYSTEM"  ENABLE;
 
  ALTER TABLE "DHIA"."RESERVATION" ADD CONSTRAINT "RESERVATION_UK1" UNIQUE ("CIN_CLIENT")
  USING INDEX PCTFREE 10 INITRANS 2 MAXTRANS 255 COMPUTE STATISTICS 
  STORAGE(INITIAL 65536 NEXT 1048576 MINEXTENTS 1 MAXEXTENTS 2147483645
  PCTINCREASE 0 FREELISTS 1 FREELIST GROUPS 1 BUFFER_POOL DEFAULT)
  TABLESPACE "SYSTEM"  ENABLE;
 
  ALTER TABLE "DHIA"."RESERVATION" MODIFY ("REFERENCE" NOT NULL ENABLE);
 
  ALTER TABLE "DHIA"."RESERVATION" MODIFY ("DATE_RESERVATION" NOT NULL ENABLE);
 
  ALTER TABLE "DHIA"."RESERVATION" MODIFY ("PRIX" NOT NULL ENABLE);
 
  ALTER TABLE "DHIA"."RESERVATION" MODIFY ("NB_INVITES" NOT NULL ENABLE);
 
  ALTER TABLE "DHIA"."RESERVATION" MODIFY ("LOCALISATION" NOT NULL ENABLE);
 
  ALTER TABLE "DHIA"."RESERVATION" MODIFY ("CIN_CLIENT" NOT NULL ENABLE);
--------------------------------------------------------
--  Constraints for Table SERVICE
--------------------------------------------------------

  ALTER TABLE "DHIA"."SERVICE" ADD CONSTRAINT "SERVICE_CHK1" CHECK (proprietaire in ('Entreprise','Free-lance')) ENABLE;
 
  ALTER TABLE "DHIA"."SERVICE" ADD CONSTRAINT "SERVICE_CHK2" CHECK (prix > 0) ENABLE;
 
  ALTER TABLE "DHIA"."SERVICE" ADD CONSTRAINT "SERVICE_PK" PRIMARY KEY ("TYPE")
  USING INDEX PCTFREE 10 INITRANS 2 MAXTRANS 255 COMPUTE STATISTICS 
  STORAGE(INITIAL 65536 NEXT 1048576 MINEXTENTS 1 MAXEXTENTS 2147483645
  PCTINCREASE 0 FREELISTS 1 FREELIST GROUPS 1 BUFFER_POOL DEFAULT)
  TABLESPACE "SYSTEM"  ENABLE;
 
  ALTER TABLE "DHIA"."SERVICE" MODIFY ("TYPE" NOT NULL ENABLE);
 
  ALTER TABLE "DHIA"."SERVICE" MODIFY ("DATE_SERVICE" NOT NULL ENABLE);
 
  ALTER TABLE "DHIA"."SERVICE" MODIFY ("PRIX" NOT NULL ENABLE);
 
  ALTER TABLE "DHIA"."SERVICE" MODIFY ("PROPRIETAIRE" NOT NULL ENABLE);
--------------------------------------------------------
--  Constraints for Table TABLES
--------------------------------------------------------

  ALTER TABLE "DHIA"."TABLES" ADD CONSTRAINT "NB_PLACES_CHECK" CHECK (nb_places < 7) ENABLE;
 
  ALTER TABLE "DHIA"."TABLES" ADD CONSTRAINT "PK_NUM" PRIMARY KEY ("NUMERO")
  USING INDEX PCTFREE 10 INITRANS 2 MAXTRANS 255 COMPUTE STATISTICS 
  STORAGE(INITIAL 65536 NEXT 1048576 MINEXTENTS 1 MAXEXTENTS 2147483645
  PCTINCREASE 0 FREELISTS 1 FREELIST GROUPS 1 BUFFER_POOL DEFAULT)
  TABLESPACE "SYSTEM"  ENABLE;
 
  ALTER TABLE "DHIA"."TABLES" MODIFY ("NB_PLACES" NOT NULL ENABLE);
 
  ALTER TABLE "DHIA"."TABLES" MODIFY ("NOM_SERVEUR" NOT NULL ENABLE);
--------------------------------------------------------
--  Constraints for Table USERS
--------------------------------------------------------

  ALTER TABLE "DHIA"."USERS" MODIFY ("USERNAME" NOT NULL ENABLE);
 
  ALTER TABLE "DHIA"."USERS" MODIFY ("PASSWORD" NOT NULL ENABLE);
--------------------------------------------------------
--  Ref Constraints for Table INVITES
--------------------------------------------------------

  ALTER TABLE "DHIA"."INVITES" ADD CONSTRAINT "INVITES_FK1" FOREIGN KEY ("CIN")
	  REFERENCES "DHIA"."INVITES" ("CIN") ENABLE;
 
  ALTER TABLE "DHIA"."INVITES" ADD FOREIGN KEY ("NUM_TABLE")
	  REFERENCES "DHIA"."TABLES" ("NUMERO") ENABLE;
--------------------------------------------------------
--  Ref Constraints for Table RESERVATION
--------------------------------------------------------

  ALTER TABLE "DHIA"."RESERVATION" ADD CONSTRAINT "RESERVATION_FK" FOREIGN KEY ("CIN_CLIENT")
	  REFERENCES "DHIA"."CLIENT" ("CIN") ENABLE;
