--------------------------------------------------------
--  Fichier créé - samedi-décembre-26-2020   
--------------------------------------------------------
--------------------------------------------------------
--  DDL for Sequence NUMERO_TABLE
--------------------------------------------------------

   CREATE SEQUENCE  "DHIA"."NUMERO_TABLE"  MINVALUE 1 MAXVALUE 30 INCREMENT BY 1 START WITH 31 CACHE 20 NOORDER  NOCYCLE ;
--------------------------------------------------------
--  DDL for Table CLIENT
--------------------------------------------------------

  CREATE TABLE "DHIA"."CLIENT" 
   (	"CIN" VARCHAR2(8 BYTE), 
	"NOM" VARCHAR2(20 BYTE), 
	"PRENOM" VARCHAR2(20 BYTE), 
	"DATEDENAISSANCE" DATE, 
	"TELEPHONE" VARCHAR2(8 BYTE), 
	"MAIL" VARCHAR2(30 BYTE), 
	"BUDGET" FLOAT(126)
   ) PCTFREE 10 PCTUSED 40 INITRANS 1 MAXTRANS 255 NOCOMPRESS LOGGING
  STORAGE(INITIAL 65536 NEXT 1048576 MINEXTENTS 1 MAXEXTENTS 2147483645
  PCTINCREASE 0 FREELISTS 1 FREELIST GROUPS 1 BUFFER_POOL DEFAULT)
  TABLESPACE "SYSTEM" ;
--------------------------------------------------------
--  DDL for Table COLLABORATEUR
--------------------------------------------------------

  CREATE TABLE "DHIA"."COLLABORATEUR" 
   (	"REFERENCE" VARCHAR2(20 BYTE), 
	"NOM" VARCHAR2(20 BYTE), 
	"EMAIL" VARCHAR2(20 BYTE), 
	"TELEPHONE" VARCHAR2(20 BYTE), 
	"SERVICE" VARCHAR2(20 BYTE), 
	"RIB" VARCHAR2(20 BYTE)
   ) PCTFREE 10 PCTUSED 40 INITRANS 1 MAXTRANS 255 NOCOMPRESS LOGGING
  STORAGE(INITIAL 65536 NEXT 1048576 MINEXTENTS 1 MAXEXTENTS 2147483645
  PCTINCREASE 0 FREELISTS 1 FREELIST GROUPS 1 BUFFER_POOL DEFAULT)
  TABLESPACE "SYSTEM" ;
--------------------------------------------------------
--  DDL for Table DEPARTEMENT
--------------------------------------------------------

  CREATE TABLE "DHIA"."DEPARTEMENT" 
   (	"NOM" VARCHAR2(20 BYTE), 
	"REFERENCE" VARCHAR2(20 BYTE), 
	"NB_EMPLOYES" VARCHAR2(20 BYTE)
   ) PCTFREE 10 PCTUSED 40 INITRANS 1 MAXTRANS 255 NOCOMPRESS LOGGING
  STORAGE(INITIAL 65536 NEXT 1048576 MINEXTENTS 1 MAXEXTENTS 2147483645
  PCTINCREASE 0 FREELISTS 1 FREELIST GROUPS 1 BUFFER_POOL DEFAULT)
  TABLESPACE "SYSTEM" ;
--------------------------------------------------------
--  DDL for Table FOURNIR
--------------------------------------------------------

  CREATE TABLE "DHIA"."FOURNIR" 
   (	"DATE_PROCURATION" DATE
   ) PCTFREE 10 PCTUSED 40 INITRANS 1 MAXTRANS 255 NOCOMPRESS LOGGING
  STORAGE(INITIAL 65536 NEXT 1048576 MINEXTENTS 1 MAXEXTENTS 2147483645
  PCTINCREASE 0 FREELISTS 1 FREELIST GROUPS 1 BUFFER_POOL DEFAULT)
  TABLESPACE "SYSTEM" ;
--------------------------------------------------------
--  DDL for Table FOURNISSEURS
--------------------------------------------------------

  CREATE TABLE "DHIA"."FOURNISSEURS" 
   (	"CIN" VARCHAR2(8 BYTE), 
	"TYPE" VARCHAR2(20 BYTE), 
	"TELEPHONE" VARCHAR2(8 BYTE), 
	"RIB" VARCHAR2(23 BYTE)
   ) PCTFREE 10 PCTUSED 40 INITRANS 1 MAXTRANS 255 NOCOMPRESS LOGGING
  STORAGE(INITIAL 65536 NEXT 1048576 MINEXTENTS 1 MAXEXTENTS 2147483645
  PCTINCREASE 0 FREELISTS 1 FREELIST GROUPS 1 BUFFER_POOL DEFAULT)
  TABLESPACE "SYSTEM" ;
--------------------------------------------------------
--  DDL for Table INVITES
--------------------------------------------------------

  CREATE TABLE "DHIA"."INVITES" 
   (	"CIN" VARCHAR2(8 BYTE), 
	"NOM" VARCHAR2(20 BYTE), 
	"PRENOM" VARCHAR2(20 BYTE), 
	"DATE_NAISSANCE" DATE, 
	"MAIL" VARCHAR2(50 BYTE), 
	"SEXE" VARCHAR2(20 BYTE), 
	"TELEPHONE" VARCHAR2(8 BYTE), 
	"NUM_TABLE" NUMBER(*,0), 
	"PERMISSION" VARCHAR2(20 BYTE), 
	"ORDRE_ENTREE" NUMBER
   ) PCTFREE 10 PCTUSED 40 INITRANS 1 MAXTRANS 255 NOCOMPRESS LOGGING
  STORAGE(INITIAL 65536 NEXT 1048576 MINEXTENTS 1 MAXEXTENTS 2147483645
  PCTINCREASE 0 FREELISTS 1 FREELIST GROUPS 1 BUFFER_POOL DEFAULT)
  TABLESPACE "SYSTEM" ;
--------------------------------------------------------
--  DDL for Table PERSONNEL
--------------------------------------------------------

  CREATE TABLE "DHIA"."PERSONNEL" 
   (	"CIN" NUMBER, 
	"NOM" VARCHAR2(20 BYTE), 
	"PRENOM" VARCHAR2(20 BYTE), 
	"DEPARTEMENT" VARCHAR2(25 BYTE), 
	"MOBILE" VARCHAR2(8 BYTE), 
	"DATE_NAISSANCE" DATE, 
	"SALAIRE" NUMBER
   ) PCTFREE 10 PCTUSED 40 INITRANS 1 MAXTRANS 255 NOCOMPRESS LOGGING
  STORAGE(INITIAL 65536 NEXT 1048576 MINEXTENTS 1 MAXEXTENTS 2147483645
  PCTINCREASE 0 FREELISTS 1 FREELIST GROUPS 1 BUFFER_POOL DEFAULT)
  TABLESPACE "SYSTEM" ;
--------------------------------------------------------
--  DDL for Table PRODUIT
--------------------------------------------------------

  CREATE TABLE "DHIA"."PRODUIT" 
   (	"REFERENCE" VARCHAR2(10 BYTE), 
	"TYPE" VARCHAR2(25 BYTE), 
	"PRIX" FLOAT(126), 
	"DATE_PROCURATION" DATE, 
	"QUANTITE" NUMBER
   ) PCTFREE 10 PCTUSED 40 INITRANS 1 MAXTRANS 255 NOCOMPRESS LOGGING
  STORAGE(INITIAL 65536 NEXT 1048576 MINEXTENTS 1 MAXEXTENTS 2147483645
  PCTINCREASE 0 FREELISTS 1 FREELIST GROUPS 1 BUFFER_POOL DEFAULT)
  TABLESPACE "SYSTEM" ;
--------------------------------------------------------
--  DDL for Table RESERVATION
--------------------------------------------------------

  CREATE TABLE "DHIA"."RESERVATION" 
   (	"REFERENCE" VARCHAR2(20 BYTE), 
	"DATE_RESERVATION" DATE, 
	"PRIX" FLOAT(126), 
	"NB_INVITES" NUMBER, 
	"LOCALISATION" VARCHAR2(100 BYTE), 
	"CIN_CLIENT" VARCHAR2(8 BYTE)
   ) PCTFREE 10 PCTUSED 40 INITRANS 1 MAXTRANS 255 NOCOMPRESS LOGGING
  STORAGE(INITIAL 65536 NEXT 1048576 MINEXTENTS 1 MAXEXTENTS 2147483645
  PCTINCREASE 0 FREELISTS 1 FREELIST GROUPS 1 BUFFER_POOL DEFAULT)
  TABLESPACE "SYSTEM" ;
--------------------------------------------------------
--  DDL for Table SERVICE
--------------------------------------------------------

  CREATE TABLE "DHIA"."SERVICE" 
   (	"TYPE" VARCHAR2(20 BYTE), 
	"DATE_SERVICE" DATE, 
	"PRIX" NUMBER, 
	"PROPRIETAIRE" VARCHAR2(30 BYTE)
   ) PCTFREE 10 PCTUSED 40 INITRANS 1 MAXTRANS 255 NOCOMPRESS LOGGING
  STORAGE(INITIAL 65536 NEXT 1048576 MINEXTENTS 1 MAXEXTENTS 2147483645
  PCTINCREASE 0 FREELISTS 1 FREELIST GROUPS 1 BUFFER_POOL DEFAULT)
  TABLESPACE "SYSTEM" ;
--------------------------------------------------------
--  DDL for Table TABLES
--------------------------------------------------------

  CREATE TABLE "DHIA"."TABLES" 
   (	"NUMERO" NUMBER, 
	"NB_PLACES" NUMBER, 
	"NOM_SERVEUR" VARCHAR2(20 BYTE), 
	"REFERENCE" VARCHAR2(20 BYTE)
   ) PCTFREE 10 PCTUSED 40 INITRANS 1 MAXTRANS 255 NOCOMPRESS LOGGING
  STORAGE(INITIAL 65536 NEXT 1048576 MINEXTENTS 1 MAXEXTENTS 2147483645
  PCTINCREASE 0 FREELISTS 1 FREELIST GROUPS 1 BUFFER_POOL DEFAULT)
  TABLESPACE "SYSTEM" ;
--------------------------------------------------------
--  DDL for Table USERS
--------------------------------------------------------

  CREATE TABLE "DHIA"."USERS" 
   (	"USERNAME" VARCHAR2(20 BYTE), 
	"PASSWORD" VARCHAR2(100 BYTE)
   ) PCTFREE 10 PCTUSED 40 INITRANS 1 MAXTRANS 255 NOCOMPRESS LOGGING
  STORAGE(INITIAL 65536 NEXT 1048576 MINEXTENTS 1 MAXEXTENTS 2147483645
  PCTINCREASE 0 FREELISTS 1 FREELIST GROUPS 1 BUFFER_POOL DEFAULT)
  TABLESPACE "SYSTEM" ;
REM INSERTING into DHIA.CLIENT
SET DEFINE OFF;
Insert into DHIA.CLIENT (CIN,NOM,PRENOM,DATEDENAISSANCE,TELEPHONE,MAIL,BUDGET) values ('12345676','dqzd','dqz',to_date('01/01/00','DD/MM/RR'),'23678456','dqz@dqz.dqz','12');
Insert into DHIA.CLIENT (CIN,NOM,PRENOM,DATEDENAISSANCE,TELEPHONE,MAIL,BUDGET) values ('12345673','dqzd','dqz',to_date('01/01/00','DD/MM/RR'),'23678456','dqz@dqz.dqz','12');
Insert into DHIA.CLIENT (CIN,NOM,PRENOM,DATEDENAISSANCE,TELEPHONE,MAIL,BUDGET) values ('12345678','dqzd','dqz',to_date('01/01/00','DD/MM/RR'),'23678456','dqz@dqz.dqz','12');
REM INSERTING into DHIA.COLLABORATEUR
SET DEFINE OFF;
REM INSERTING into DHIA.DEPARTEMENT
SET DEFINE OFF;
REM INSERTING into DHIA.FOURNIR
SET DEFINE OFF;
REM INSERTING into DHIA.FOURNISSEURS
SET DEFINE OFF;
REM INSERTING into DHIA.INVITES
SET DEFINE OFF;
Insert into DHIA.INVITES (CIN,NOM,PRENOM,DATE_NAISSANCE,MAIL,SEXE,TELEPHONE,NUM_TABLE,PERMISSION,ORDRE_ENTREE) values ('11111111','Ksira','Arij',to_date('01/01/00','DD/MM/RR'),'dqz@dzq.dzq','Homme','21333333','16','refuse','0');
Insert into DHIA.INVITES (CIN,NOM,PRENOM,DATE_NAISSANCE,MAIL,SEXE,TELEPHONE,NUM_TABLE,PERMISSION,ORDRE_ENTREE) values ('13242513','Berraies','Iheb',to_date('01/01/96','DD/MM/RR'),'mohammediheb.berraies@esprit.tn','Homme','24125315','23','-',null);
Insert into DHIA.INVITES (CIN,NOM,PRENOM,DATE_NAISSANCE,MAIL,SEXE,TELEPHONE,NUM_TABLE,PERMISSION,ORDRE_ENTREE) values ('81479824','Wahada','Sarra',to_date('01/03/00','DD/MM/RR'),'sarra.wahda@esprit.tn','Femme','25352532','16','-','0');
Insert into DHIA.INVITES (CIN,NOM,PRENOM,DATE_NAISSANCE,MAIL,SEXE,TELEPHONE,NUM_TABLE,PERMISSION,ORDRE_ENTREE) values ('23324124','Barkia','Mohammed',to_date('01/01/00','DD/MM/RR'),'mohammed.barkia@esprit.tn','Homme','53902409','27','-',null);
Insert into DHIA.INVITES (CIN,NOM,PRENOM,DATE_NAISSANCE,MAIL,SEXE,TELEPHONE,NUM_TABLE,PERMISSION,ORDRE_ENTREE) values ('12345678','Saaidia','Mouna',to_date('02/07/76','DD/MM/RR'),'mouna@gmail.com','Femme','92544368','15','accepte','1');
Insert into DHIA.INVITES (CIN,NOM,PRENOM,DATE_NAISSANCE,MAIL,SEXE,TELEPHONE,NUM_TABLE,PERMISSION,ORDRE_ENTREE) values ('24762487','Boulifi','Elaa',to_date('04/02/00','DD/MM/RR'),'elaa.boulifi@esprit.tn','Femme','21462486','29','-',null);
Insert into DHIA.INVITES (CIN,NOM,PRENOM,DATE_NAISSANCE,MAIL,SEXE,TELEPHONE,NUM_TABLE,PERMISSION,ORDRE_ENTREE) values ('35525315','Saidi','Bea',to_date('04/02/70','DD/MM/RR'),'mariemsaiidi@yahoo.fr','Femme','52355515','16','-',null);
Insert into DHIA.INVITES (CIN,NOM,PRENOM,DATE_NAISSANCE,MAIL,SEXE,TELEPHONE,NUM_TABLE,PERMISSION,ORDRE_ENTREE) values ('41244151','Abdelli','Nour',to_date('04/02/80','DD/MM/RR'),'nouraddelli@outlook.fr','Femme','24153531','14','-',null);
Insert into DHIA.INVITES (CIN,NOM,PRENOM,DATE_NAISSANCE,MAIL,SEXE,TELEPHONE,NUM_TABLE,PERMISSION,ORDRE_ENTREE) values ('61353535','Abdelli','Mosbah',to_date('02/03/56','DD/MM/RR'),'mosbahabdelli@outlook.fr','Homme','93176351','16','-',null);
Insert into DHIA.INVITES (CIN,NOM,PRENOM,DATE_NAISSANCE,MAIL,SEXE,TELEPHONE,NUM_TABLE,PERMISSION,ORDRE_ENTREE) values ('41319898','Saaidia','Mouna',to_date('02/03/90','DD/MM/RR'),'mounasaaidia@gmail.com','Femme','51372683',null,'-',null);
Insert into DHIA.INVITES (CIN,NOM,PRENOM,DATE_NAISSANCE,MAIL,SEXE,TELEPHONE,NUM_TABLE,PERMISSION,ORDRE_ENTREE) values ('14300660','Abdelli','Nour',to_date('25/10/96','DD/MM/RR'),'abdellynour@gmail.com','Femme','26326228','15','-',null);
Insert into DHIA.INVITES (CIN,NOM,PRENOM,DATE_NAISSANCE,MAIL,SEXE,TELEPHONE,NUM_TABLE,PERMISSION,ORDRE_ENTREE) values ('22222222','Abdelli','Dhia',to_date('03/12/98','DD/MM/RR'),'dhia.abdelli1@esprit.tn','Homme','25391896',null,'accepte','3');
Insert into DHIA.INVITES (CIN,NOM,PRENOM,DATE_NAISSANCE,MAIL,SEXE,TELEPHONE,NUM_TABLE,PERMISSION,ORDRE_ENTREE) values ('33333333','dqfes','fsef',to_date('01/01/00','DD/MM/RR'),'dqz@dqz.dzq','Homme','23123132',null,'refuse','2');
Insert into DHIA.INVITES (CIN,NOM,PRENOM,DATE_NAISSANCE,MAIL,SEXE,TELEPHONE,NUM_TABLE,PERMISSION,ORDRE_ENTREE) values ('44444444','Abdelli','Dhia',to_date('01/01/00','DD/MM/RR'),'dhia.abdelli1@esprit.tn','Homme','25391896','21','accepte','4');
Insert into DHIA.INVITES (CIN,NOM,PRENOM,DATE_NAISSANCE,MAIL,SEXE,TELEPHONE,NUM_TABLE,PERMISSION,ORDRE_ENTREE) values ('11111113','Ksira','Dhia',to_date('01/01/00','DD/MM/RR'),'arij.ksira@esprit.tn','Femme','23214241',null,'-',null);
REM INSERTING into DHIA.PERSONNEL
SET DEFINE OFF;
REM INSERTING into DHIA.PRODUIT
SET DEFINE OFF;
REM INSERTING into DHIA.RESERVATION
SET DEFINE OFF;
Insert into DHIA.RESERVATION (REFERENCE,DATE_RESERVATION,PRIX,NB_INVITES,LOCALISATION,CIN_CLIENT) values ('23',to_date('01/01/40','DD/MM/RR'),'23','23','dzqd','12345678');
REM INSERTING into DHIA.SERVICE
SET DEFINE OFF;
REM INSERTING into DHIA.TABLES
SET DEFINE OFF;
Insert into DHIA.TABLES (NUMERO,NB_PLACES,NOM_SERVEUR,REFERENCE) values ('14','2','Iyed',null);
Insert into DHIA.TABLES (NUMERO,NB_PLACES,NOM_SERVEUR,REFERENCE) values ('15','6','Nour',null);
Insert into DHIA.TABLES (NUMERO,NB_PLACES,NOM_SERVEUR,REFERENCE) values ('16','6','Khalil',null);
Insert into DHIA.TABLES (NUMERO,NB_PLACES,NOM_SERVEUR,REFERENCE) values ('18','2','Nour',null);
Insert into DHIA.TABLES (NUMERO,NB_PLACES,NOM_SERVEUR,REFERENCE) values ('21','3','Iheb',null);
Insert into DHIA.TABLES (NUMERO,NB_PLACES,NOM_SERVEUR,REFERENCE) values ('23','3','dqz','ea');
Insert into DHIA.TABLES (NUMERO,NB_PLACES,NOM_SERVEUR,REFERENCE) values ('24','3','dz','a');
Insert into DHIA.TABLES (NUMERO,NB_PLACES,NOM_SERVEUR,REFERENCE) values ('25','2','dfes','az');
Insert into DHIA.TABLES (NUMERO,NB_PLACES,NOM_SERVEUR,REFERENCE) values ('26','3','dqz','aaa');
Insert into DHIA.TABLES (NUMERO,NB_PLACES,NOM_SERVEUR,REFERENCE) values ('27','4','feq','t');
Insert into DHIA.TABLES (NUMERO,NB_PLACES,NOM_SERVEUR,REFERENCE) values ('28','5','dzq','t');
Insert into DHIA.TABLES (NUMERO,NB_PLACES,NOM_SERVEUR,REFERENCE) values ('29','4','dqzd','gr');
REM INSERTING into DHIA.USERS
SET DEFINE OFF;
Insert into DHIA.USERS (USERNAME,PASSWORD) values ('ddd','-1825335736');
Insert into DHIA.USERS (USERNAME,PASSWORD) values ('dqz','zqdd');
Insert into DHIA.USERS (USERNAME,PASSWORD) values ('dqsd','-1480129957');
Insert into DHIA.USERS (USERNAME,PASSWORD) values ('dqsd','-1480129957');
Insert into DHIA.USERS (USERNAME,PASSWORD) values ('nour','657636928');
Insert into DHIA.USERS (USERNAME,PASSWORD) values ('test','-932291280');
Insert into DHIA.USERS (USERNAME,PASSWORD) values ('dhia','1634571558');
Insert into DHIA.USERS (USERNAME,PASSWORD) values ('dd','-304901496');
Insert into DHIA.USERS (USERNAME,PASSWORD) values ('aaaa','53527890');
--------------------------------------------------------
--  DDL for Index CLIENT_PK
--------------------------------------------------------

  CREATE UNIQUE INDEX "DHIA"."CLIENT_PK" ON "DHIA"."CLIENT" ("CIN") 
  PCTFREE 10 INITRANS 2 MAXTRANS 255 COMPUTE STATISTICS 
  STORAGE(INITIAL 65536 NEXT 1048576 MINEXTENTS 1 MAXEXTENTS 2147483645
  PCTINCREASE 0 FREELISTS 1 FREELIST GROUPS 1 BUFFER_POOL DEFAULT)
  TABLESPACE "SYSTEM" ;
--------------------------------------------------------
--  DDL for Index COLLABORATEUR_PK
--------------------------------------------------------

  CREATE UNIQUE INDEX "DHIA"."COLLABORATEUR_PK" ON "DHIA"."COLLABORATEUR" ("REFERENCE") 
  PCTFREE 10 INITRANS 2 MAXTRANS 255 COMPUTE STATISTICS 
  STORAGE(INITIAL 65536 NEXT 1048576 MINEXTENTS 1 MAXEXTENTS 2147483645
  PCTINCREASE 0 FREELISTS 1 FREELIST GROUPS 1 BUFFER_POOL DEFAULT)
  TABLESPACE "SYSTEM" ;
--------------------------------------------------------
--  DDL for Index DEPARTEMENT_PK
--------------------------------------------------------

  CREATE UNIQUE INDEX "DHIA"."DEPARTEMENT_PK" ON "DHIA"."DEPARTEMENT" ("REFERENCE") 
  PCTFREE 10 INITRANS 2 MAXTRANS 255 COMPUTE STATISTICS 
  STORAGE(INITIAL 65536 NEXT 1048576 MINEXTENTS 1 MAXEXTENTS 2147483645
  PCTINCREASE 0 FREELISTS 1 FREELIST GROUPS 1 BUFFER_POOL DEFAULT)
  TABLESPACE "SYSTEM" ;
--------------------------------------------------------
--  DDL for Index FOURNISSEUR_PK
--------------------------------------------------------

  CREATE UNIQUE INDEX "DHIA"."FOURNISSEUR_PK" ON "DHIA"."FOURNISSEURS" ("CIN") 
  PCTFREE 10 INITRANS 2 MAXTRANS 255 COMPUTE STATISTICS 
  STORAGE(INITIAL 65536 NEXT 1048576 MINEXTENTS 1 MAXEXTENTS 2147483645
  PCTINCREASE 0 FREELISTS 1 FREELIST GROUPS 1 BUFFER_POOL DEFAULT)
  TABLESPACE "SYSTEM" ;
--------------------------------------------------------
--  DDL for Index INVITES_PK
--------------------------------------------------------

  CREATE UNIQUE INDEX "DHIA"."INVITES_PK" ON "DHIA"."INVITES" ("CIN") 
  PCTFREE 10 INITRANS 2 MAXTRANS 255 COMPUTE STATISTICS 
  STORAGE(INITIAL 65536 NEXT 1048576 MINEXTENTS 1 MAXEXTENTS 2147483645
  PCTINCREASE 0 FREELISTS 1 FREELIST GROUPS 1 BUFFER_POOL DEFAULT)
  TABLESPACE "SYSTEM" ;
--------------------------------------------------------
--  DDL for Index PERSONNEL_PK
--------------------------------------------------------

  CREATE UNIQUE INDEX "DHIA"."PERSONNEL_PK" ON "DHIA"."PERSONNEL" ("CIN") 
  PCTFREE 10 INITRANS 2 MAXTRANS 255 COMPUTE STATISTICS 
  STORAGE(INITIAL 65536 NEXT 1048576 MINEXTENTS 1 MAXEXTENTS 2147483645
  PCTINCREASE 0 FREELISTS 1 FREELIST GROUPS 1 BUFFER_POOL DEFAULT)
  TABLESPACE "SYSTEM" ;
--------------------------------------------------------
--  DDL for Index PK_NUM
--------------------------------------------------------

  CREATE UNIQUE INDEX "DHIA"."PK_NUM" ON "DHIA"."TABLES" ("NUMERO") 
  PCTFREE 10 INITRANS 2 MAXTRANS 255 COMPUTE STATISTICS 
  STORAGE(INITIAL 65536 NEXT 1048576 MINEXTENTS 1 MAXEXTENTS 2147483645
  PCTINCREASE 0 FREELISTS 1 FREELIST GROUPS 1 BUFFER_POOL DEFAULT)
  TABLESPACE "SYSTEM" ;
--------------------------------------------------------
--  DDL for Index PRODUIT_PK
--------------------------------------------------------

  CREATE UNIQUE INDEX "DHIA"."PRODUIT_PK" ON "DHIA"."PRODUIT" ("REFERENCE") 
  PCTFREE 10 INITRANS 2 MAXTRANS 255 COMPUTE STATISTICS 
  STORAGE(INITIAL 65536 NEXT 1048576 MINEXTENTS 1 MAXEXTENTS 2147483645
  PCTINCREASE 0 FREELISTS 1 FREELIST GROUPS 1 BUFFER_POOL DEFAULT)
  TABLESPACE "SYSTEM" ;
--------------------------------------------------------
--  DDL for Index RESERVATION_PK
--------------------------------------------------------

  CREATE UNIQUE INDEX "DHIA"."RESERVATION_PK" ON "DHIA"."RESERVATION" ("REFERENCE") 
  PCTFREE 10 INITRANS 2 MAXTRANS 255 COMPUTE STATISTICS 
  STORAGE(INITIAL 65536 NEXT 1048576 MINEXTENTS 1 MAXEXTENTS 2147483645
  PCTINCREASE 0 FREELISTS 1 FREELIST GROUPS 1 BUFFER_POOL DEFAULT)
  TABLESPACE "SYSTEM" ;
--------------------------------------------------------
--  DDL for Index RESERVATION_UK1
--------------------------------------------------------

  CREATE UNIQUE INDEX "DHIA"."RESERVATION_UK1" ON "DHIA"."RESERVATION" ("CIN_CLIENT") 
  PCTFREE 10 INITRANS 2 MAXTRANS 255 COMPUTE STATISTICS 
  STORAGE(INITIAL 65536 NEXT 1048576 MINEXTENTS 1 MAXEXTENTS 2147483645
  PCTINCREASE 0 FREELISTS 1 FREELIST GROUPS 1 BUFFER_POOL DEFAULT)
  TABLESPACE "SYSTEM" ;
--------------------------------------------------------
--  DDL for Index SERVICE_PK
--------------------------------------------------------

  CREATE UNIQUE INDEX "DHIA"."SERVICE_PK" ON "DHIA"."SERVICE" ("TYPE") 
  PCTFREE 10 INITRANS 2 MAXTRANS 255 COMPUTE STATISTICS 
  STORAGE(INITIAL 65536 NEXT 1048576 MINEXTENTS 1 MAXEXTENTS 2147483645
  PCTINCREASE 0 FREELISTS 1 FREELIST GROUPS 1 BUFFER_POOL DEFAULT)
  TABLESPACE "SYSTEM" ;
--------------------------------------------------------
--  DDL for Trigger NUMERO_ON_INSERT
--------------------------------------------------------

  CREATE OR REPLACE TRIGGER "DHIA"."NUMERO_ON_INSERT" 
  BEFORE INSERT ON TABLES
  FOR EACH ROW
BEGIN
  SELECT NUMERO_TABLE.nextval
  INTO :new.NUMERO
  FROM dual;
END;
/
ALTER TRIGGER "DHIA"."NUMERO_ON_INSERT" ENABLE;
--------------------------------------------------------
--  Constraints for Table CLIENT
--------------------------------------------------------

  ALTER TABLE "DHIA"."CLIENT" ADD CONSTRAINT "CLIENT_CHK1" CHECK (TO_CHAR("DATEDENAISSANCE",'YYYY-MM-DD')<'2002-01-01') ENABLE;
 
  ALTER TABLE "DHIA"."CLIENT" ADD CONSTRAINT "CLIENT_CHK2" CHECK ("MAIL" LIKE '%@%.%') ENABLE;
 
  ALTER TABLE "DHIA"."CLIENT" ADD CONSTRAINT "CLIENT_CHK3" CHECK (LENGTH(cin) = 8) ENABLE;
 
  ALTER TABLE "DHIA"."CLIENT" ADD CONSTRAINT "CLIENT_CHK4" CHECK (LENGTH("TELEPHONE")=8) ENABLE;
 
  ALTER TABLE "DHIA"."CLIENT" ADD CONSTRAINT "CLIENT_CHK5" CHECK (budget > 0) ENABLE;
 
  ALTER TABLE "DHIA"."CLIENT" ADD CONSTRAINT "CLIENT_PK" PRIMARY KEY ("CIN")
  USING INDEX PCTFREE 10 INITRANS 2 MAXTRANS 255 COMPUTE STATISTICS 
  STORAGE(INITIAL 65536 NEXT 1048576 MINEXTENTS 1 MAXEXTENTS 2147483645
  PCTINCREASE 0 FREELISTS 1 FREELIST GROUPS 1 BUFFER_POOL DEFAULT)
  TABLESPACE "SYSTEM"  ENABLE;
 
  ALTER TABLE "DHIA"."CLIENT" MODIFY ("CIN" NOT NULL ENABLE);
 
  ALTER TABLE "DHIA"."CLIENT" MODIFY ("NOM" NOT NULL ENABLE);
 
  ALTER TABLE "DHIA"."CLIENT" MODIFY ("PRENOM" NOT NULL ENABLE);
 
  ALTER TABLE "DHIA"."CLIENT" MODIFY ("DATEDENAISSANCE" NOT NULL ENABLE);
 
  ALTER TABLE "DHIA"."CLIENT" MODIFY ("TELEPHONE" NOT NULL ENABLE);
 
  ALTER TABLE "DHIA"."CLIENT" MODIFY ("MAIL" NOT NULL ENABLE);
 
  ALTER TABLE "DHIA"."CLIENT" MODIFY ("BUDGET" NOT NULL ENABLE);
--------------------------------------------------------
--  Constraints for Table COLLABORATEUR
--------------------------------------------------------

  ALTER TABLE "DHIA"."COLLABORATEUR" ADD CONSTRAINT "COLLABORATEUR_CHK1" CHECK (email like '%.%@%.%') ENABLE;
 
  ALTER TABLE "DHIA"."COLLABORATEUR" ADD CONSTRAINT "COLLABORATEUR_CHK2" CHECK (length(rib)=23) ENABLE;
 
  ALTER TABLE "DHIA"."COLLABORATEUR" ADD CONSTRAINT "COLLABORATEUR_CHK3" CHECK (service in ('Photographie','Patisserie','Cuisine','Decor','AgenceVoyage','Dj & sono')) ENABLE;
 
  ALTER TABLE "DHIA"."COLLABORATEUR" ADD CONSTRAINT "COLLABORATEUR_CHK4" CHECK (length(telephone)=8) ENABLE;
 
  ALTER TABLE "DHIA"."COLLABORATEUR" ADD CONSTRAINT "COLLABORATEUR_PK" PRIMARY KEY ("REFERENCE")
  USING INDEX PCTFREE 10 INITRANS 2 MAXTRANS 255 COMPUTE STATISTICS 
  STORAGE(INITIAL 65536 NEXT 1048576 MINEXTENTS 1 MAXEXTENTS 2147483645
  PCTINCREASE 0 FREELISTS 1 FREELIST GROUPS 1 BUFFER_POOL DEFAULT)
  TABLESPACE "SYSTEM"  ENABLE;
 
  ALTER TABLE "DHIA"."COLLABORATEUR" MODIFY ("REFERENCE" NOT NULL ENABLE);
 
  ALTER TABLE "DHIA"."COLLABORATEUR" MODIFY ("NOM" NOT NULL ENABLE);
 
  ALTER TABLE "DHIA"."COLLABORATEUR" MODIFY ("EMAIL" NOT NULL ENABLE);
 
  ALTER TABLE "DHIA"."COLLABORATEUR" MODIFY ("TELEPHONE" NOT NULL ENABLE);
 
  ALTER TABLE "DHIA"."COLLABORATEUR" MODIFY ("SERVICE" NOT NULL ENABLE);
 
  ALTER TABLE "DHIA"."COLLABORATEUR" MODIFY ("RIB" NOT NULL ENABLE);
--------------------------------------------------------
--  Constraints for Table DEPARTEMENT
--------------------------------------------------------

  ALTER TABLE "DHIA"."DEPARTEMENT" ADD CONSTRAINT "DEPARTEMENT_CHK1" CHECK (nb_employes > 0) ENABLE;
 
  ALTER TABLE "DHIA"."DEPARTEMENT" ADD CONSTRAINT "DEPARTEMENT_PK" PRIMARY KEY ("REFERENCE")
  USING INDEX PCTFREE 10 INITRANS 2 MAXTRANS 255 COMPUTE STATISTICS 
  STORAGE(INITIAL 65536 NEXT 1048576 MINEXTENTS 1 MAXEXTENTS 2147483645
  PCTINCREASE 0 FREELISTS 1 FREELIST GROUPS 1 BUFFER_POOL DEFAULT)
  TABLESPACE "SYSTEM"  ENABLE;
 
  ALTER TABLE "DHIA"."DEPARTEMENT" MODIFY ("NOM" NOT NULL ENABLE);
 
  ALTER TABLE "DHIA"."DEPARTEMENT" MODIFY ("REFERENCE" NOT NULL ENABLE);
 
  ALTER TABLE "DHIA"."DEPARTEMENT" MODIFY ("NB_EMPLOYES" NOT NULL ENABLE);
--------------------------------------------------------
--  Constraints for Table FOURNIR
--------------------------------------------------------

  ALTER TABLE "DHIA"."FOURNIR" MODIFY ("DATE_PROCURATION" NOT NULL ENABLE);
--------------------------------------------------------
--  Constraints for Table FOURNISSEURS
--------------------------------------------------------

  ALTER TABLE "DHIA"."FOURNISSEURS" ADD CONSTRAINT "FOURNISSEUR_CHK1" CHECK (length(cin)=8) ENABLE;
 
  ALTER TABLE "DHIA"."FOURNISSEURS" ADD CONSTRAINT "FOURNISSEUR_CHK2" CHECK (length(telephone)=8) ENABLE;
 
  ALTER TABLE "DHIA"."FOURNISSEURS" ADD CONSTRAINT "FOURNISSEUR_CHK3" CHECK (length(rib)=23) ENABLE;
 
  ALTER TABLE "DHIA"."FOURNISSEURS" ADD CONSTRAINT "FOURNISSEUR_CHK4" CHECK (type in ('alimentaire','decorations')) ENABLE;
 
  ALTER TABLE "DHIA"."FOURNISSEURS" ADD CONSTRAINT "FOURNISSEUR_PK" PRIMARY KEY ("CIN")
  USING INDEX PCTFREE 10 INITRANS 2 MAXTRANS 255 COMPUTE STATISTICS 
  STORAGE(INITIAL 65536 NEXT 1048576 MINEXTENTS 1 MAXEXTENTS 2147483645
  PCTINCREASE 0 FREELISTS 1 FREELIST GROUPS 1 BUFFER_POOL DEFAULT)
  TABLESPACE "SYSTEM"  ENABLE;
 
  ALTER TABLE "DHIA"."FOURNISSEURS" MODIFY ("CIN" NOT NULL ENABLE);
 
  ALTER TABLE "DHIA"."FOURNISSEURS" MODIFY ("TYPE" NOT NULL ENABLE);
 
  ALTER TABLE "DHIA"."FOURNISSEURS" MODIFY ("TELEPHONE" NOT NULL ENABLE);
 
  ALTER TABLE "DHIA"."FOURNISSEURS" MODIFY ("RIB" NOT NULL ENABLE);
--------------------------------------------------------
--  Constraints for Table INVITES
--------------------------------------------------------

  ALTER TABLE "DHIA"."INVITES" ADD CONSTRAINT "DATE_CHECK" CHECK (TO_CHAR(date_naissance, 'YYYY-MM-DD') < '2002-01-01') ENABLE;
 
  ALTER TABLE "DHIA"."INVITES" ADD CONSTRAINT "INVITES_CHK1" CHECK (length(cin) = 8) ENABLE;
 
  ALTER TABLE "DHIA"."INVITES" ADD CONSTRAINT "INVITES_CHK2" CHECK (length(telephone)=8) ENABLE;
 
  ALTER TABLE "DHIA"."INVITES" ADD CONSTRAINT "INVITES_CHK3" CHECK (lower(permission) in ('accepte','refuse','-','pending')) ENABLE;
 
  ALTER TABLE "DHIA"."INVITES" ADD CONSTRAINT "INVITES_PK" PRIMARY KEY ("CIN")
  USING INDEX PCTFREE 10 INITRANS 2 MAXTRANS 255 COMPUTE STATISTICS 
  STORAGE(INITIAL 65536 NEXT 1048576 MINEXTENTS 1 MAXEXTENTS 2147483645
  PCTINCREASE 0 FREELISTS 1 FREELIST GROUPS 1 BUFFER_POOL DEFAULT)
  TABLESPACE "SYSTEM"  ENABLE;
 
  ALTER TABLE "DHIA"."INVITES" ADD CONSTRAINT "MAIL_CHECK_INVITE" CHECK (mail like '%@%.%') ENABLE;
 
  ALTER TABLE "DHIA"."INVITES" MODIFY ("MAIL" CONSTRAINT "NN" NOT NULL ENABLE);
 
  ALTER TABLE "DHIA"."INVITES" ADD CONSTRAINT "SEXE_CHECK" CHECK (lower(sexe) in ('homme','femme')) ENABLE;
 
  ALTER TABLE "DHIA"."INVITES" MODIFY ("NOM" NOT NULL ENABLE);
 
  ALTER TABLE "DHIA"."INVITES" MODIFY ("PRENOM" NOT NULL ENABLE);
 
  ALTER TABLE "DHIA"."INVITES" MODIFY ("SEXE" NOT NULL ENABLE);
 
  ALTER TABLE "DHIA"."INVITES" MODIFY ("CIN" NOT NULL ENABLE);
 
  ALTER TABLE "DHIA"."INVITES" MODIFY ("TELEPHONE" NOT NULL ENABLE);
 
  ALTER TABLE "DHIA"."INVITES" MODIFY ("DATE_NAISSANCE" NOT NULL ENABLE);
--------------------------------------------------------
--  Constraints for Table PERSONNEL
--------------------------------------------------------

  ALTER TABLE "DHIA"."PERSONNEL" ADD CONSTRAINT "PERSONNEL_CHK1" CHECK (cin> 10000000 and cin <99999999) ENABLE;
 
  ALTER TABLE "DHIA"."PERSONNEL" ADD CONSTRAINT "PERSONNEL_CHK2" CHECK (departement in ('finance','marketing','ressources humaines','info','administration')) ENABLE;
 
  ALTER TABLE "DHIA"."PERSONNEL" ADD CONSTRAINT "PERSONNEL_CHK3" CHECK (to_char(date_naissance,'YYYY-MM-DD') > '2002-01-01') ENABLE;
 
  ALTER TABLE "DHIA"."PERSONNEL" ADD CONSTRAINT "PERSONNEL_CHK4" CHECK (salaire > 0) ENABLE;
 
  ALTER TABLE "DHIA"."PERSONNEL" ADD CONSTRAINT "PERSONNEL_CHK5" CHECK (length(mobile)=8) ENABLE;
 
  ALTER TABLE "DHIA"."PERSONNEL" ADD CONSTRAINT "PERSONNEL_PK" PRIMARY KEY ("CIN")
  USING INDEX PCTFREE 10 INITRANS 2 MAXTRANS 255 COMPUTE STATISTICS 
  STORAGE(INITIAL 65536 NEXT 1048576 MINEXTENTS 1 MAXEXTENTS 2147483645
  PCTINCREASE 0 FREELISTS 1 FREELIST GROUPS 1 BUFFER_POOL DEFAULT)
  TABLESPACE "SYSTEM"  ENABLE;
 
  ALTER TABLE "DHIA"."PERSONNEL" MODIFY ("CIN" NOT NULL ENABLE);
 
  ALTER TABLE "DHIA"."PERSONNEL" MODIFY ("NOM" NOT NULL ENABLE);
 
  ALTER TABLE "DHIA"."PERSONNEL" MODIFY ("PRENOM" NOT NULL ENABLE);
 
  ALTER TABLE "DHIA"."PERSONNEL" MODIFY ("DEPARTEMENT" NOT NULL ENABLE);
 
  ALTER TABLE "DHIA"."PERSONNEL" MODIFY ("MOBILE" NOT NULL ENABLE);
 
  ALTER TABLE "DHIA"."PERSONNEL" MODIFY ("DATE_NAISSANCE" NOT NULL ENABLE);
 
  ALTER TABLE "DHIA"."PERSONNEL" MODIFY ("SALAIRE" NOT NULL ENABLE);
--------------------------------------------------------
--  Constraints for Table PRODUIT
--------------------------------------------------------

  ALTER TABLE "DHIA"."PRODUIT" ADD CONSTRAINT "PRODUIT_CHK1" CHECK (type in ('produits durables','produits perissables')) ENABLE;
 
  ALTER TABLE "DHIA"."PRODUIT" ADD CONSTRAINT "PRODUIT_CHK2" CHECK (length(reference)=10) ENABLE;
 
  ALTER TABLE "DHIA"."PRODUIT" ADD CONSTRAINT "PRODUIT_CHK3" CHECK (prix>0) ENABLE;
 
  ALTER TABLE "DHIA"."PRODUIT" ADD CONSTRAINT "PRODUIT_PK" PRIMARY KEY ("REFERENCE")
  USING INDEX PCTFREE 10 INITRANS 2 MAXTRANS 255 COMPUTE STATISTICS 
  STORAGE(INITIAL 65536 NEXT 1048576 MINEXTENTS 1 MAXEXTENTS 2147483645
  PCTINCREASE 0 FREELISTS 1 FREELIST GROUPS 1 BUFFER_POOL DEFAULT)
  TABLESPACE "SYSTEM"  ENABLE;
 
  ALTER TABLE "DHIA"."PRODUIT" MODIFY ("REFERENCE" NOT NULL ENABLE);
 
  ALTER TABLE "DHIA"."PRODUIT" MODIFY ("TYPE" NOT NULL ENABLE);
 
  ALTER TABLE "DHIA"."PRODUIT" MODIFY ("PRIX" NOT NULL ENABLE);
 
  ALTER TABLE "DHIA"."PRODUIT" MODIFY ("DATE_PROCURATION" NOT NULL ENABLE);
 
  ALTER TABLE "DHIA"."PRODUIT" MODIFY ("QUANTITE" NOT NULL ENABLE);
--------------------------------------------------------
--  Constraints for Table RESERVATION
--------------------------------------------------------

  ALTER TABLE "DHIA"."RESERVATION" ADD CONSTRAINT "RESERVATION_CHK1" CHECK (TO_CHAR(date_reservation, 'YYYY-MM-DD') >= '2021-01-01') ENABLE;
 
  ALTER TABLE "DHIA"."RESERVATION" ADD CONSTRAINT "RESERVATION_CHK2" CHECK (prix > 0) ENABLE;
 
  ALTER TABLE "DHIA"."RESERVATION" ADD CONSTRAINT "RESERVATION_CHK3" CHECK (nb_invites > 10) ENABLE;
 
  ALTER TABLE "DHIA"."RESERVATION" ADD CONSTRAINT "RESERVATION_PK" PRIMARY KEY ("REFERENCE")
  USING INDEX PCTFREE 10 INITRANS 2 MAXTRANS 255 COMPUTE STATISTICS 
  STORAGE(INITIAL 65536 NEXT 1048576 MINEXTENTS 1 MAXEXTENTS 2147483645
  PCTINCREASE 0 FREELISTS 1 FREELIST GROUPS 1 BUFFER_POOL DEFAULT)
  TABLESPACE "SYSTEM"  ENABLE;
 
  ALTER TABLE "DHIA"."RESERVATION" ADD CONSTRAINT "RESERVATION_UK1" UNIQUE ("CIN_CLIENT")
  USING INDEX PCTFREE 10 INITRANS 2 MAXTRANS 255 COMPUTE STATISTICS 
  STORAGE(INITIAL 65536 NEXT 1048576 MINEXTENTS 1 MAXEXTENTS 2147483645
  PCTINCREASE 0 FREELISTS 1 FREELIST GROUPS 1 BUFFER_POOL DEFAULT)
  TABLESPACE "SYSTEM"  ENABLE;
 
  ALTER TABLE "DHIA"."RESERVATION" MODIFY ("REFERENCE" NOT NULL ENABLE);
 
  ALTER TABLE "DHIA"."RESERVATION" MODIFY ("DATE_RESERVATION" NOT NULL ENABLE);
 
  ALTER TABLE "DHIA"."RESERVATION" MODIFY ("PRIX" NOT NULL ENABLE);
 
  ALTER TABLE "DHIA"."RESERVATION" MODIFY ("NB_INVITES" NOT NULL ENABLE);
 
  ALTER TABLE "DHIA"."RESERVATION" MODIFY ("LOCALISATION" NOT NULL ENABLE);
 
  ALTER TABLE "DHIA"."RESERVATION" MODIFY ("CIN_CLIENT" NOT NULL ENABLE);
--------------------------------------------------------
--  Constraints for Table SERVICE
--------------------------------------------------------

  ALTER TABLE "DHIA"."SERVICE" ADD CONSTRAINT "SERVICE_CHK1" CHECK (proprietaire in ('Entreprise','Free-lance')) ENABLE;
 
  ALTER TABLE "DHIA"."SERVICE" ADD CONSTRAINT "SERVICE_CHK2" CHECK (prix > 0) ENABLE;
 
  ALTER TABLE "DHIA"."SERVICE" ADD CONSTRAINT "SERVICE_PK" PRIMARY KEY ("TYPE")
  USING INDEX PCTFREE 10 INITRANS 2 MAXTRANS 255 COMPUTE STATISTICS 
  STORAGE(INITIAL 65536 NEXT 1048576 MINEXTENTS 1 MAXEXTENTS 2147483645
  PCTINCREASE 0 FREELISTS 1 FREELIST GROUPS 1 BUFFER_POOL DEFAULT)
  TABLESPACE "SYSTEM"  ENABLE;
 
  ALTER TABLE "DHIA"."SERVICE" MODIFY ("TYPE" NOT NULL ENABLE);
 
  ALTER TABLE "DHIA"."SERVICE" MODIFY ("DATE_SERVICE" NOT NULL ENABLE);
 
  ALTER TABLE "DHIA"."SERVICE" MODIFY ("PRIX" NOT NULL ENABLE);
 
  ALTER TABLE "DHIA"."SERVICE" MODIFY ("PROPRIETAIRE" NOT NULL ENABLE);
--------------------------------------------------------
--  Constraints for Table TABLES
--------------------------------------------------------

  ALTER TABLE "DHIA"."TABLES" ADD CONSTRAINT "NB_PLACES_CHECK" CHECK (nb_places < 7) ENABLE;
 
  ALTER TABLE "DHIA"."TABLES" ADD CONSTRAINT "PK_NUM" PRIMARY KEY ("NUMERO")
  USING INDEX PCTFREE 10 INITRANS 2 MAXTRANS 255 COMPUTE STATISTICS 
  STORAGE(INITIAL 65536 NEXT 1048576 MINEXTENTS 1 MAXEXTENTS 2147483645
  PCTINCREASE 0 FREELISTS 1 FREELIST GROUPS 1 BUFFER_POOL DEFAULT)
  TABLESPACE "SYSTEM"  ENABLE;
 
  ALTER TABLE "DHIA"."TABLES" MODIFY ("NB_PLACES" NOT NULL ENABLE);
 
  ALTER TABLE "DHIA"."TABLES" MODIFY ("NOM_SERVEUR" NOT NULL ENABLE);
--------------------------------------------------------
--  Constraints for Table USERS
--------------------------------------------------------

  ALTER TABLE "DHIA"."USERS" MODIFY ("USERNAME" NOT NULL ENABLE);
 
  ALTER TABLE "DHIA"."USERS" MODIFY ("PASSWORD" NOT NULL ENABLE);
--------------------------------------------------------
--  Ref Constraints for Table COLLABORATEUR
--------------------------------------------------------

  ALTER TABLE "DHIA"."COLLABORATEUR" ADD CONSTRAINT "COLLABORATEUR_FK1" FOREIGN KEY ("REFERENCE")
	  REFERENCES "DHIA"."SERVICE" ("TYPE") ENABLE;
--------------------------------------------------------
--  Ref Constraints for Table INVITES
--------------------------------------------------------

  ALTER TABLE "DHIA"."INVITES" ADD CONSTRAINT "INVITES_FK1" FOREIGN KEY ("CIN")
	  REFERENCES "DHIA"."INVITES" ("CIN") ENABLE;
 
  ALTER TABLE "DHIA"."INVITES" ADD FOREIGN KEY ("NUM_TABLE")
	  REFERENCES "DHIA"."TABLES" ("NUMERO") ENABLE;
--------------------------------------------------------
--  Ref Constraints for Table PERSONNEL
--------------------------------------------------------

  ALTER TABLE "DHIA"."PERSONNEL" ADD CONSTRAINT "PERSONNEL_FK1" FOREIGN KEY ("NOM")
	  REFERENCES "DHIA"."DEPARTEMENT" ("REFERENCE") ENABLE;
--------------------------------------------------------
--  Ref Constraints for Table RESERVATION
--------------------------------------------------------

  ALTER TABLE "DHIA"."RESERVATION" ADD CONSTRAINT "RESERVATION_FK" FOREIGN KEY ("CIN_CLIENT")
	  REFERENCES "DHIA"."CLIENT" ("CIN") ENABLE;
